use wtgdata;

INSERT INTO `CUSTOMER` (`ID`, `COUNTRY`, `CURRENCY`, `STATUS`, `ROLE`, `CREATED_AT`, `UPDATED_AT`) VALUES
(1, 55, 555, 'A', 'A', NULL, NULL),
(2, 55, 555, 'A', 'A', NULL, NULL);

INSERT INTO `USER` (`ID`, `CUSTOMER_ID`, `IS_CUSTOMER`, `FIRST_NAME`, `LAST_NAME`, `DOB`, `GENDER`, `EMAIL_ID`, `EMAIL_VERIFIED`, `ACCOUNT_ACCESS`, `STATUS`, `CREATED_AT`, `UPDATED_AT`) VALUES
(1, 1, 'T', 'Venkat', 'Kta', '1994-02-12', 'M', 'wtguser1@gmail.com', 'Y', 'W', 'A', NULL, NULL),
(2, 1, 'F', 'Venu', 'Kta', '1998-01-17', 'M', NULL, 'N', 'N', 'A', NULL, NULL),
(3, 1, 'F', 'Janu', 'Kta', '1999-02-25', 'F', NULL, 'N', 'N', 'A', NULL, NULL),
(4, 2, 'T', 'Santhosh', 'Wtg', '1995-02-09', 'M', 'wtguser2@gmail.com', 'Y', 'W', 'A', NULL, NULL),
(5, 2, 'F', 'Abhi', 'Wtg', '1998-01-17', 'M', NULL, 'N', 'N',  'A', NULL, NULL),
(6, 2, 'F', 'Asha', 'Wtg', '1999-02-08', 'F', NULL, 'N', 'N', 'A', NULL, NULL);

INSERT INTO `FAMILY_DOCTOR` (`ID`, `CUSTOMER_ID`, `FIRST_NAME`, `LAST_NAME`, `SPECIALITY_TYPE`, `CONTACT`, `COMMENTS`, `CREATED_AT`, `UPDATED_AT`) VALUES
(1, 1, 'Edward', 'Cullen', 9101, 'Toranto', 'Happy Doctor', NULL, NULL),
(2, 1, 'Landan', 'Mk', 9103, 'UK', 'fam doc', NULL, NULL),
(3, 1, 'Sasthri', 'Ramanujan', 9105, 'India', 'cool doc', NULL, NULL),
(4, 1, 'Landen', 'Carter', 9106, 'london', 'UK', NULL, NULL),
(5, 1, 'Santhosh', 'Mamulla', 9107, 'Hyd', 'costly Doctor', NULL, NULL),
(6, 2, 'Sasthri', 'Ramanujan', 9108, 'India', 'cool doc', NULL, NULL),
(7, 2, 'Narasimha', 'M', 9110, 'Ongole', 'description1', NULL, NULL),
(8, 2, 'Edward', 'Cullen', 9111, 'Chicago', 'desc', NULL, NULL),
(9, 2, 'Abhi', 'Gajvelli', 9114, 'Hyd', 'Abhi MBBS', NULL, NULL),
(10, 2, 'Venu', 'Ponakala', 9116, 'Guntur', 'desc', NULL, NULL);

INSERT INTO `EXPENSE` (`ID`, `USER_ID`, `EXPENSE_DATE`, `EXPENSE_TYPE_CD`, `TAX_EXEMPT`, `AMOUNT`, `SUMMARY`, `DESCRIPTION`, `SOURCE`, `CREATED_AT`, `UPDATED_AT`) VALUES
(1, 1, '2013-06-01', 453, 'F', 200, 'Venkat Mighty Swimmers Acdmy', 'Venkat act Swimming', 'A', NULL, NULL),
(2, 1, '2013-06-01', 453, 'F', 100, 'Cricket Technqs', 'Venkat Act Cricket', 'A', NULL, NULL),
(3, 1, '2013-06-01', 453, 'F', 300, 'Archery Eklavya', 'Venkat Act Archery', 'A', NULL, NULL),
(4, 1, '2013-06-01', 453, 'F', 150, 'BB Acdmy', 'Venkat Act BasketBall', 'A', NULL, NULL),
(5, 1, '2013-06-01', 453, 'F', 50, 'Best Bowlers', 'Venkat Act Bowling', 'A', NULL, NULL),
(6, 1, '2013-06-01', 453, 'F', 400, 'We Love Soccer', 'Venkat Act Soccer', 'A', NULL, NULL),
(7, 1, '2013-06-01', 453, 'F', 100, 'Gold Golf Acdmy learn Golf', 'Venkat Act Golf', 'A', NULL, NULL),
(8, 1, '2013-06-01', 453, 'F', 600, 'Tokyo Gymnastics', 'Venkat Act Gymnastics', 'A', NULL, NULL),
(9, 1, '2013-06-01', 453, 'F', 200, 'Sprint Training', 'Venkat Act Sprint', 'A', NULL, NULL),
(10, 1, '2013-06-01', 453, 'F', 50, 'Skiing', 'Venkat Act Skiing', 'A', NULL, NULL),
(11, 1, '2013-06-01', 453, 'F', 200, 'Ocean Sailing Training', 'Venkat Act Sailing', 'A', NULL, NULL),
(12, 1, '2013-06-01', 453, 'F', 400, 'Soccer trainings', 'Venkat Act Soccer', 'A', NULL, NULL),
(13, 1, '2013-06-01', 452, 'F', 50, 'Blacks  Whites', 'Venkat Act Chess', 'A', NULL, NULL),
(14, 1, '2013-06-01', 154, 'F', 500, 'Joy of Music ', 'Venkat Act Music', 'A', NULL, NULL),
(15, 1, '2013-06-01', 103, 'F', 100, 'Mathematics tution', 'Venkat Act tustion', 'A', NULL, NULL),
(16, 1, '2013-06-01', 154, 'F', 150, 'PPP Pretty Piano Players', 'Venkat act piano', 'A', NULL, NULL),
(17, 1, '2013-06-01', 453, 'F', 300, 'Martial Arts training', 'Venkat Act Martial Arts', 'A', NULL, NULL),
(18, 1, '2013-06-01', 154, 'F', 50, 'Twillight  Series', 'Venkat Act movies', 'A', NULL, NULL),
(19, 1, '2013-06-01', 453, 'F', 50, 'swimming', 'Venkat Act swimming', 'A', NULL, NULL),
(20, 1, '2013-06-01', 100, 'F', 10, 'Bach''s illusions', 'Venkat Act Reading', 'A', NULL, NULL),
(21, 1, '2013-06-01', 100, 'F', 40, 'Speak Spanish', 'Venkat Act Spanish', 'A', NULL, NULL),
(22, 1, '2013-06-01', 100, 'F', 50, 'Spanish lluvia', 'Venkat Act Spanish other Lang', 'A', NULL, NULL),
(23, 1, '2013-06-01', 450, 'F', 40, 'Hyd Biryani', 'Venkat Act Cooking', 'A', NULL, NULL),
(24, 1, '2013-06-01', 450, 'F', 100, 'Dancing', 'Venkat Act Dance', 'A', NULL, NULL),
(25, 1, '2013-06-20', 101, 'T', 700, 'Venkat  books', 'exp books', 'E', NULL, NULL),
(26, 1, '2013-06-19', 102, 'T', 2000, 'Venkat  Student loan summary', 'desc student loan', 'E', NULL, NULL),
(27, 1, '2013-06-18', 103, 'F', 500, 'Venkat  Physics tution', 'desc tution', 'E', NULL, NULL),
(28, 1, '2013-06-17', 104, 'T', 700, 'Venkat  Summary of school fee', 'desc school fee', 'E', NULL, NULL),
(30, 1, '2013-06-15', 152, 'F', 600, 'Venkat  Fine Arts', 'desc arts', 'E', NULL, NULL),
(31, 1, '2013-06-14', 154, 'F', 300, 'Venkat  music summary', 'desc music ', 'E', NULL, NULL),
(32, 1, '2013-06-13', 201, 'F', 100, 'Venkat  summary fast foods', 'desc ff', 'E', NULL, NULL),
(33, 1, '2013-06-12', 202, 'F', 4000, 'Venkat  Restuarents sum', 'desc rstrnts', 'E', NULL, NULL),
(34, 1, '2013-06-11', 203, 'F', 20, 'Venkat  Coffee Cafe', 'desc coffee', 'E', NULL, NULL),
(35, 1, '2013-06-10', 251, 'F', 100, 'Venkat  sum  tooth', 'desc teeeth', 'E', NULL, NULL),
(36, 1, '2013-06-09', 253, 'F', 1000, 'Venkat  eye care', 'eye care', 'E', NULL, NULL),
(37, 1, '2013-06-08', 301, 'F', 400, 'Venkat  sum hair', 'desc hair', 'E', NULL, NULL),
(38, 1, '2013-06-07', 254, 'F', 500, 'Venkat  Sum Gym', 'desc Gym', 'E', NULL, NULL),
(39, 1, '2013-06-06', 255, 'T', 400, 'Venkat  Sum HI', 'Desc Health Insurance', 'E', NULL, NULL),
(40, 1, '2013-06-05', 256, 'F', 200, 'Venkat  sum Pharmacy', 'desc pH', 'E', NULL, NULL),
(41, 1, '2013-06-25', 302, 'F', 400, 'Venkat   Laundry', 'desc laundry', 'E', NULL, NULL),
(42, 1, '2013-06-04', 351, 'F', 100, 'Venkat  The Fountainhead book', 'desc book', 'E', NULL, NULL),
(43, 1, '2013-06-03', 352, 'F', 2000, 'Venkat  sum Closthing', 'desc clothing', 'E', NULL, NULL),
(44, 1, '2013-06-03', 354, 'F', 100, 'Venkat  hob sum', 'desc hob', 'E', NULL, NULL),
(45, 1, '2013-06-25', 355, 'F', 400, 'Venkat  sum sporing goods', 'desc sporting goods', 'E', NULL, NULL),
(46, 1, '2013-06-02', 401, 'F', 400, 'Venkat  sum Airtravel Egypt', 'desc Airtravel Egypt', 'E', NULL, NULL),
(47, 1, '2013-06-01', 402, 'F', 100, 'Venkat  sum Hotel', 'desc hotel', 'E', NULL, NULL),
(48, 1, '2013-06-25', 400, 'T', 600, 'Venkat  Sum Taxi', 'Sum Taxi', 'E', NULL, NULL),
(49, 1, '2013-06-24', 350, 'F', 100, 'Samsung', 'Venkat  Samsung', 'P', NULL, NULL),
(50, 1, '2013-06-23', 350, 'F', 10000, 'Car', 'Venkat  Car desc', 'P', NULL, NULL),
(51, 1, '2013-06-22', 350, 'F', 100, 'Toys', 'Venkat  toys for baby', 'P', NULL, NULL),
(52, 1, '2013-06-25', 350, 'F', 100, 'Venkat  Fairness Creams', 'Venkat  Desc ', 'P', NULL, NULL),
(53, 1, '2013-06-25', 350, 'F', 10, 'Illusions', 'Venkat  illusions', 'P', NULL, NULL),
(54, 1, '2013-06-25', 350, 'F', 100, 'Fashion Collections', 'Venkat  Desc', 'P', NULL, NULL),
(55, 1, '2013-06-25', 350, 'F', 1000, 'Sony Lap', 'Venkat  Sonny Lap', 'P', NULL, NULL),
(56, 1, '2013-06-12', 350, 'F', 300, 'Venkat  Crompton Fans', 'Venkat  Crompton Graves', 'P', NULL, NULL),
(57, 1, '2013-06-25', 350, 'F', 10, 'Greeting Card', 'Venkat  desc card', 'P', NULL, NULL),
(58, 1, '2013-06-25', 252, 'F', 100, 'Venkat Fever', 'Venkat Fever', 'D', NULL, NULL),
(59, 1, '2013-06-14', 252, 'F', 300, 'Venkat Vocal card problem', 'Venkat Vocal card problem', 'D', NULL, NULL),
(60, 1, '2013-06-25', 252, 'F', 100, 'Venkat Head ache', 'Venkat Head ache', 'D', NULL, NULL),
(61, 1, '2013-04-08', 252, 'F', 100, 'Venkat For Baby', 'Venkat For Baby', 'D', NULL, NULL),
(62, 1, '2013-03-12', 252, 'F', 240, 'Venkat reason Ayurvedic medicine', 'Venkat reason Ayurvedic medicine', 'D', NULL, NULL),
(63, 1, '2013-02-01', 400, 'F', 200, 'Goa', 'Holiday Spot', 'T', NULL, NULL),
(64, 1, '2012-12-04', 400, 'F', 100, 'Mysore', 'desc', 'T', NULL, NULL),
(65, 1, '2011-08-25', 400, 'F', 200, 'Bankok', 'desc', 'T', NULL, NULL),
(66, 1, '2012-06-05', 400, 'F', 100, 'Delhi', 'desc delhi', 'T', NULL, NULL),
(67, 1, '2012-07-10', 400, 'F', 300, 'Kulu Manali', 'desc manali', 'T', NULL, NULL),
(68, 1, '2010-09-02', 400, 'F', 200, 'Rameswaram', 'devotional', 'T', NULL, NULL),
(69, 1, '2012-05-09', 400, 'F', 100, 'Hitech City', 'desc hyd', 'T', NULL, NULL),
(70, 1, '2011-11-09', 400, 'F', 50, 'Charminar', 'hyd desc', 'T', NULL, NULL),
(71, 1, '2013-05-02', 400, 'F', 1000, 'Pyramids', 'Egypt nile', 'T', NULL, NULL),
(72, 1, '2013-06-02', 400, 'F', 1000, 'Sydney', 'world tour desc', 'T', NULL, NULL),
(73, 1, '2013-03-13', 252, 'F', 400, 'Venkat reason ', 'Venkat reason ', 'D', NULL, NULL),
(74, 1, '2012-07-18', 252, 'F', 400, 'Venkat reason mk', 'Venkat reason mk', 'D', NULL, NULL),
(75, 1, '2013-02-14', 252, 'F', 200, 'Venkat cullen visit', 'Venkat cullen visit', 'D', NULL, NULL),
(76, 2, '2013-06-01', 453, 'F', 400, 'Mighty Swimmers Acdmy', 'Venu act Swimming', 'A', NULL, NULL),
(77, 2, '2013-06-01', 453, 'F', 100, 'Cricket Technqs', 'Venu Act Cricket', 'A', NULL, NULL),
(78, 2, '2013-06-01', 453, 'F', 500, 'Archery Eklavya', 'Venu Act Archery', 'A', NULL, NULL),
(79, 2, '2013-06-01', 453, 'F', 150, 'BB Acdmy', 'Venu Act BasketBall', 'A', NULL, NULL),
(80, 2, '2013-06-01', 453, 'F', 100, 'Best Bowlers', 'Venu Act Bowling', 'A', NULL, NULL),
(81, 2, '2013-06-01', 453, 'F', 600, 'We Love Soccer', 'Venu Act Soccer', 'A', NULL, NULL),
(82, 2, '2013-06-01', 453, 'F', 300, 'Gold Golf Acdmy learn Golf', 'Venu Act Golf', 'A', NULL, NULL),
(83, 2, '2013-06-01', 453, 'F', 500, 'Tokyo Gymnastics', 'Venu Act Gymnastics', 'A', NULL, NULL),
(84, 2, '2013-06-01', 453, 'F', 100, 'Sprint Training', 'Venu Act Sprint', 'A', NULL, NULL),
(85, 2, '2013-06-01', 453, 'F', 70, 'Skiing', 'Venu Act Skiing', 'A', NULL, NULL),
(86, 2, '2013-06-01', 453, 'F', 230, 'Ocean Sailing Training', 'Venu Act Sailing', 'A', NULL, NULL),
(87, 2, '2013-06-01', 453, 'F', 400, 'Martial Arts trainings', 'Venu Act Martial Arts', 'A', NULL, NULL),
(88, 2, '2013-06-01', 452, 'F', 60, 'Blacks  Whites', 'Venu Act Chess', 'A', NULL, NULL),
(89, 2, '2013-06-01', 154, 'F', 540, 'Joy of Music ', 'Venu Act Music', 'A', NULL, NULL),
(90, 2, '2013-06-01', 103, 'F', 200, 'Mathematics tution', 'Venu Act tustion', 'A', NULL, NULL),
(91, 2, '2013-06-01', 154, 'F', 300, 'PPP Pretty Piano Players', 'Venu act piano', 'A', NULL, NULL),
(92, 2, '2013-06-01', 453, 'F', 400, 'Soccer training', 'Venu Act Soccer', 'A', NULL, NULL),
(93, 2, '2013-06-01', 154, 'F', 20, 'Twillight  Series', 'Venu Act music', 'A', NULL, NULL),
(94, 2, '2013-06-01', 453, 'F', 70, 'swimming', 'Venu Act swimming', 'A', NULL, NULL),
(95, 2, '2013-06-01', 100, 'F', 10, 'Bach''s illusions', 'Venu Act Reading', 'A', NULL, NULL),
(96, 2, '2013-06-01', 100, 'F', 50, 'Speak Spanish', 'Venu Act Spanish', 'A', NULL, NULL),
(97, 2, '2013-06-01', 100, 'F', 60, 'Spanish lluvia', 'Venu Act Spanish other Lang', 'A', NULL, NULL),
(98, 2, '2013-06-01', 450, 'F', 40, 'Hyd Biryani', 'Venu Act Cooking', 'A', NULL, NULL),
(99, 2, '2013-06-01', 450, 'F', 200, 'Dancing', 'Venu Act Dance', 'A', NULL, NULL),
(100, 2, '2013-06-20', 101, 'T', 600, 'Venu  books', 'exp books', 'E', NULL, NULL),
(101, 2, '2013-06-19', 102, 'T', 2400, 'Venu  Student loan summary', 'desc student loan', 'E', NULL, NULL),
(102, 2, '2013-06-18', 103, 'F', 400, 'Venu  Physics tution', 'desc tution', 'E', NULL, NULL),
(103, 2, '2013-06-17', 104, 'T', 800, 'Venu  Summary of school fee', 'desc school fee', 'E', NULL, NULL),
(105, 2, '2013-06-15', 152, 'F', 700, 'Venu  Fine Arts', 'desc arts', 'E', NULL, NULL),
(106, 2, '2013-06-14', 154, 'F', 300, 'Venu  music summary', 'desc music ', 'E', NULL, NULL),
(107, 2, '2013-06-13', 201, 'F', 100, 'Venu  summary fast foods', 'desc ff', 'E', NULL, NULL),
(108, 2, '2013-06-12', 202, 'F', 3000, 'Venu  Restuarents sum', 'desc rstrnts', 'E', NULL, NULL),
(109, 2, '2013-06-11', 203, 'F', 40, 'Venu  Coffee Cafe', 'desc coffee', 'E', NULL, NULL),
(110, 2, '2013-06-10', 251, 'F', 100, 'Venu  sum  tooth', 'desc teeeth', 'E', NULL, NULL),
(111, 2, '2013-06-09', 253, 'F', 1200, 'Venu  eye care', 'eye care', 'E', NULL, NULL),
(112, 2, '2013-06-08', 301, 'F', 400, 'Venu  sum hair', 'desc hair', 'E', NULL, NULL),
(113, 2, '2013-06-07', 254, 'F', 500, 'Venu  Sum Gym', 'desc Gym', 'E', NULL, NULL),
(114, 2, '2013-06-06', 255, 'T', 400, 'Venu  Sum HI', 'Desc Health Insurance', 'E', NULL, NULL),
(115, 2, '2013-06-05', 256, 'F', 200, 'Venu  sum Pharmacy', 'desc pH', 'E', NULL, NULL),
(116, 2, '2013-06-25', 302, 'F', 600, 'Venu   Laundry', 'desc laundry', 'E', NULL, NULL),
(117, 2, '2013-06-04', 351, 'F', 100, 'Venu  The Fountainhead book', 'desc book', 'E', NULL, NULL),
(118, 2, '2013-06-03', 352, 'F', 2400, 'Venu  sum Closthing', 'desc clothing', 'E', NULL, NULL),
(119, 2, '2013-06-03', 354, 'F', 100, 'Venu  hob sum', 'desc hob', 'E', NULL, NULL),
(120, 2, '2013-06-25', 355, 'F', 440, 'Venu  sum sporing goods', 'desc sporting goods', 'E', NULL, NULL),
(121, 2, '2013-06-02', 401, 'F', 400, 'Venu  sum Airtravel Egypt', 'desc Airtravel Egypt', 'E', NULL, NULL),
(122, 2, '2013-06-01', 402, 'F', 100, 'Venu  sum Hotel', 'desc hotel', 'E', NULL, NULL),
(123, 2, '2013-06-25', 400, 'T', 600, 'Venu  Sum Taxi', 'Sum Taxi', 'E', NULL, NULL),
(124, 2, '2013-06-24', 350, 'F', 140, 'Samsung', 'Venu  Samsung', 'P', NULL, NULL),
(125, 2, '2013-06-23', 350, 'F', 12000, 'Car', 'Venu  Car desc', 'P', NULL, NULL),
(126, 2, '2013-06-22', 350, 'F', 100, 'Toys', 'Venu  toys for baby', 'P', NULL, NULL),
(127, 2, '2013-06-25', 350, 'F', 100, 'Venu  Fairness Creams', 'Venu  Desc ', 'P', NULL, NULL),
(128, 2, '2013-06-25', 350, 'F', 20, 'Illusions', 'Venu  illusions', 'P', NULL, NULL),
(129, 2, '2013-06-25', 350, 'F', 100, 'Fashion Collections', 'Venu  Desc', 'P', NULL, NULL),
(130, 2, '2013-06-25', 350, 'F', 1000, 'Sony Lap', 'Venu  Sonny Lap', 'P', NULL, NULL),
(131, 2, '2013-06-12', 350, 'F', 300, 'Venu  Crompton Fans', 'Venu  Crompton Graves', 'P', NULL, NULL),
(132, 2, '2013-06-25', 350, 'F', 10, 'Greeting Card', 'Venu  desc card', 'P', NULL, NULL),
(133, 2, '2013-06-25', 252, 'F', 100, 'Venu Fever', 'Venu Fever', 'D', NULL, NULL),
(134, 2, '2013-06-14', 252, 'F', 300, 'Venu Vocal card problem', 'Venu Vocal card problem', 'D', NULL, NULL),
(135, 2, '2013-06-25', 252, 'F', 100, 'Venu Head ache', 'Venu Head ache', 'D', NULL, NULL),
(136, 2, '2013-04-08', 252, 'F', 130, 'Venu For Baby', 'Venu For Baby', 'D', NULL, NULL),
(137, 2, '2013-03-12', 252, 'F', 240, 'Venu reason Ayurvedic medicine', 'Venu reason Ayurvedic medicine', 'D', NULL, NULL),
(138, 2, '2013-02-01', 400, 'F', 200, 'Goa', 'Holiday Spot', 'T', NULL, NULL),
(139, 2, '2012-12-04', 400, 'F', 300, 'Mysore', 'desc', 'T', NULL, NULL),
(140, 2, '2011-08-25', 400, 'F', 200, 'Bankok', 'desc', 'T', NULL, NULL),
(141, 2, '2012-06-05', 400, 'F', 100, 'Delhi', 'desc delhi', 'T', NULL, NULL),
(142, 2, '2012-07-10', 400, 'F', 300, 'Kulu Manali', 'desc manali', 'T', NULL, NULL),
(143, 2, '2010-09-02', 400, 'F', 200, 'Rameswaram', 'devotional', 'T', NULL, NULL),
(144, 2, '2012-05-09', 400, 'F', 400, 'Hitech City', 'desc hyd', 'T', NULL, NULL),
(145, 2, '2011-11-09', 400, 'F', 50, 'Charminar', 'hyd desc', 'T', NULL, NULL),
(146, 2, '2013-05-02', 400, 'F', 1000, 'Pyramids', 'Egypt nile', 'T', NULL, NULL),
(147, 2, '2013-06-02', 400, 'F', 1000, 'Sydney', 'world tour desc', 'T', NULL, NULL),
(148, 2, '2013-03-13', 252, 'F', 300, 'Venu reason ', 'Venu reason ', 'D', NULL, NULL),
(149, 2, '2012-07-18', 252, 'F', 200, 'Venu reason mk', 'Venu reason mk', 'D', NULL, NULL),
(150, 2, '2013-02-14', 252, 'F', 300, 'Venu cullen visit', 'Venu cullen visit', 'D', NULL, NULL),
(151, 3, '2013-06-01', 453, 'F', 200, 'Janu swimming', 'Janu swimming', 'A', NULL, NULL),
(152, 3, '2013-06-01', 453, 'F', 120, 'Janu cric', 'Janu cric', 'A', NULL, NULL),
(153, 3, '2013-06-01', 453, 'F', 400, 'Janu Archery', 'Janu arc', 'A', NULL, NULL),
(154, 3, '2013-06-01', 453, 'F', 300, 'Janu bb', 'Janu bb', 'A', NULL, NULL),
(155, 3, '2013-06-01', 453, 'F', 400, 'Bowling', 'Janu  Bowling', 'A', NULL, NULL),
(156, 3, '2013-06-01', 453, 'F', 280, 'Soccer', 'Janu  Soccer', 'A', NULL, NULL),
(157, 3, '2013-06-01', 453, 'F', 600, 'Golf', 'Janu Golf', 'A', NULL, NULL),
(158, 3, '2013-06-01', 453, 'F', 800, 'Gymnastics', 'Janu  gymnasticcs', 'A', NULL, NULL),
(159, 3, '2013-06-01', 453, 'F', 100, 'Running', 'Janu  Runnning', 'A', NULL, NULL),
(160, 3, '2013-06-01', 453, 'F', 200, 'Skiing', 'Janu  skiing', 'A', NULL, NULL),
(161, 3, '2013-06-01', 453, 'F', 320, 'Sailing', 'Janu  Sailing', 'A', NULL, NULL),
(162, 3, '2013-06-01', 453, 'F', 400, 'Soccer', 'Janu Soccer', 'A', NULL, NULL),
(163, 3, '2013-06-26', 101, 'T', 400, 'Janu books', 'Janu  books', 'E', NULL, NULL),
(164, 3, '2013-06-25', 103, 'F', 600, 'Janu Tution', 'Tution desc', 'E', NULL, NULL),
(165, 3, '2013-06-24', 104, 'F', 600, 'Janu school fees', 'Janu  school fees', 'E', NULL, NULL),
(167, 3, '2013-06-27', 154, 'F', 800, 'Janu Music', 'Janu  MUsic', 'E', NULL, NULL),
(168, 3, '2013-06-22', 201, 'F', 900, 'Janu  fast food', 'Janu Fast Food', 'E', NULL, NULL),
(169, 3, '2013-06-20', 202, 'F', 600, 'Janu Restuarents', 'Janu Restuarents', 'E', NULL, NULL),
(170, 3, '2013-06-19', 203, 'F', 100, 'Janu Coffee', 'Janu Coffee', 'E', NULL, NULL),
(171, 3, '2013-06-27', 251, 'F', 600, 'Janu Dental probelms', 'Janu Dental probelms', 'E', NULL, NULL),
(172, 3, '2013-06-04', 253, 'T', 820, 'Janu Eye Care', 'Janu Eye Care', 'E', NULL, NULL),
(173, 3, '2013-06-05', 255, 'F', 400, 'Janu Health Insurance', 'Janu Health Insurance', 'E', NULL, NULL),
(174, 3, '2013-06-27', 350, 'F', 400, 'Toys for Baby', 'Janu Toys', 'P', NULL, NULL),
(175, 3, '2013-06-18', 350, 'F', 200, 'Twillight Saga', 'Janu books', 'P', NULL, NULL),
(176, 3, '2013-06-13', 350, 'F', 700, 'Sony Lap', 'Janu Sony lap', 'P', NULL, NULL),
(177, 3, '2013-06-10', 350, 'F', 1000, 'TeddyBear', 'Janu TeddyBear', 'P', NULL, NULL),
(178, 3, '2013-06-28', 350, 'F', 120, 'PenDrive', 'Janu PenDrive', 'P', NULL, NULL),
(179, 3, '2013-06-27', 350, 'F', 15, 'Knife', 'Janu Knife', 'P', NULL, NULL),
(180, 3, '2013-06-27', 350, 'F', 300, 'Windows7', 'Janu Windows7', 'P', NULL, NULL),
(181, 3, '2013-06-27', 350, 'F', 20, 'Cable', 'Janu Cable', 'P', NULL, NULL),
(182, 3, '2013-06-27', 350, 'F', 40, 'Modem', 'Janu Modem', 'P', NULL, NULL),
(183, 3, '2013-06-11', 350, 'F', 123, 'Charger', 'Janu Charger', 'P', NULL, NULL),
(184, 3, '2013-06-02', 350, 'F', 340, 'Shoes', 'Janu Shoes', 'P', NULL, NULL),
(185, 3, '2013-06-15', 350, 'F', 222, 'Motor', 'Janu Motor', 'P', NULL, NULL),
(186, 3, '2013-06-03', 252, 'F', 100, 'Janu Flu', 'Janu Flu', 'D', NULL, NULL),
(187, 3, '2013-06-03', 252, 'F', 120, 'Janu Swine Flu', 'Janu Swine Flu', 'D', NULL, NULL),
(188, 3, '2013-06-12', 252, 'F', 130, 'Janu Cold', 'Janu Cold', 'D', NULL, NULL),
(189, 3, '2013-06-27', 252, 'F', 200, 'Janu Cough', 'Janu Cough', 'D', NULL, NULL),
(190, 3, '2013-06-11', 252, 'F', 300, 'Janu Fever', 'Janu Fever', 'D', NULL, NULL),
(191, 3, '2013-06-27', 252, 'F', 500, 'User Hair ', 'User Hair ', 'D', NULL, NULL),
(192, 3, '2013-06-17', 252, 'F', 10000, 'Janu Cancer', 'Janu Cancer', 'D', NULL, NULL),
(193, 3, '2013-06-22', 252, 'F', 3500, 'Janu Body Scan', 'Janu Body Scan', 'D', NULL, NULL),
(194, 3, '2013-06-29', 252, 'F', 220, 'Janu Throat Cancer', 'Janu Throat Cancer', 'D', NULL, NULL),
(195, 3, '2013-06-27', 252, 'F', 3000, 'Janu Malaria', 'Janu Malaria', 'D', NULL, NULL),
(196, 3, '2013-06-04', 400, 'F', 1200, 'Guntur', 'Janu Home Sick', 'T', NULL, NULL),
(197, 3, '2013-06-05', 400, 'F', 120, 'Amaravathi', 'Janu Tour', 'T', NULL, NULL),
(198, 3, '2013-06-05', 400, 'F', 200, 'Agra', 'Janu Taj Mahal', 'T', NULL, NULL),
(199, 3, '2013-06-05', 400, 'F', 2000, 'Kenya', 'Janu World Tour', 'T', NULL, NULL),
(200, 3, '2013-06-04', 400, 'F', 1200, 'Kulumanali', 'Janu Outing', 'T', NULL, NULL),
(201, 3, '2013-06-03', 400, 'F', 200, 'Vizag', 'Janu Araku Forest Trip', 'T', NULL, NULL),
(202, 3, '2013-06-12', 400, 'F', 2000, 'America', 'Janu Fun', 'T', NULL, NULL),
(203, 3, '2013-06-10', 400, 'F', 2000, 'Mumbai', 'Janu Industrial Trip', 'T', NULL, NULL),
(204, 3, '2013-06-13', 400, 'F', 120, 'Hyderabad', 'Janu Golkonda Fort', 'T', NULL, NULL),
(205, 3, '2013-06-02', 400, 'F', 230, 'Chennai', 'Janu Cricket Match', 'T', NULL, NULL),
(206, 4, '2013-06-01', 453, 'F', 120, 'Test Match', 'Santhosh Test Match', 'A', NULL, NULL),
(207, 4, '2013-06-03', 453, 'F', 120, 'Training', 'Santhosh Training', 'A', NULL, NULL),
(208, 4, '2013-06-01', 453, 'F', 1200, 'Contest', 'Santhosh Contest', 'A', NULL, NULL),
(209, 4, '2013-06-05', 453, 'F', 200, 'Game', 'Santhosh Game', 'A', NULL, NULL),
(210, 4, '2013-06-07', 453, 'F', 120, 'Compete', 'Santhosh Compete', 'A', NULL, NULL),
(211, 4, '2013-06-27', 453, 'F', 1200, 'Golf', 'Santhosh Golf', 'A', NULL, NULL),
(212, 4, '2013-06-27', 453, 'F', 150, 'Running', 'Santhosh Running', 'A', NULL, NULL),
(213, 4, '2013-06-27', 453, 'F', 200, 'Skiing Test', 'Santhosh Skiing Test', 'A', NULL, NULL),
(214, 4, '2013-06-27', 453, 'F', 3000, 'Tournment', 'Santhosh Tournment', 'A', NULL, NULL),
(215, 4, '2013-06-11', 453, 'F', 400, 'Soccer', 'Santhosh Soccer', 'A', NULL, NULL),
(216, 4, '2013-06-27', 100, 'T', 1200, 'School Fee', 'Santhosh School Fee', 'E', NULL, NULL),
(217, 4, '2013-06-03', 101, 'F', 120, 'Santhosh Books', 'Books', 'E', NULL, NULL),
(218, 4, '2013-06-27', 103, 'F', 2000, 'Santhosh Tution Fee', 'Tution Fee', 'E', NULL, NULL),
(219, 4, '2013-06-10', 199, 'F', 250, 'Santhosh Windows CD', 'Windows CD', 'E', NULL, NULL),
(220, 4, '2013-06-27', 202, 'F', 200, 'Santhosh Party', 'Party', 'E', NULL, NULL),
(221, 4, '2013-06-27', 102, 'F', 20000, 'Santhosh Loan', 'Loan', 'E', NULL, NULL),
(222, 4, '2013-06-27', 255, 'F', 120, 'Santhosh HealthCare', 'HealthCare', 'E', NULL, NULL),
(223, 4, '2013-06-27', 302, 'F', 100, 'Santhosh Laundry', 'Laundry', 'E', NULL, NULL),
(224, 4, '2013-06-11', 202, 'F', 8000, 'Santhosh Restuarents', 'Santhosh Restuarents', 'E', NULL, NULL),
(225, 4, '2013-06-27', 255, 'F', 2000, 'Santhosh  Health Insurance', 'Santhosh  health Insurance', 'E', NULL, NULL),
(226, 4, '2013-06-27', 350, 'F', 200, 'Micro SD card', 'Santhosh SD Card', 'P', NULL, NULL),
(227, 4, '2013-06-19', 350, 'F', 120, 'Toys', 'Santhosh Toys', 'P', NULL, NULL),
(228, 4, '2013-06-10', 350, 'F', 200, 'SydneySheldon', 'Santhosh SS', 'P', NULL, NULL),
(229, 4, '2013-06-04', 350, 'F', 8000, 'Inverter', 'Santhosh Inverter', 'P', NULL, NULL),
(230, 4, '2013-06-27', 350, 'F', 10, 'Pen', 'Santhosh Pen', 'P', NULL, NULL),
(231, 4, '2013-06-11', 350, 'F', 200, 'Chair', 'Santhosh Chair', 'P', NULL, NULL),
(232, 4, '2013-06-27', 350, 'F', 120, 'Fan', ' Santhosh Fan', 'P', NULL, NULL),
(233, 4, '2013-06-27', 350, 'F', 100, 'Mouse', 'Santhosh Mouse', 'P', NULL, NULL),
(234, 4, '2013-06-21', 350, 'F', 200, 'Table', 'Santhosh  Table', 'P', NULL, NULL),
(235, 4, '2013-06-13', 350, 'F', 3000, 'House', 'Santhosh  House', 'P', NULL, NULL),
(236, 4, '2013-06-01', 252, 'F', 100, 'Santhosh Fever', 'Santhosh Fever', 'D', NULL, NULL),
(237, 4, '2013-06-06', 252, 'F', 200, 'Santhosh Heart Problem', 'Santhosh Heart Problem', 'D', NULL, NULL),
(238, 4, '2013-06-13', 252, 'F', 1000, 'Santhosh  Stomoch Pain', 'Santhosh  Stomoch Pain', 'D', NULL, NULL),
(239, 4, '2013-06-27', 252, 'F', 200, 'Santhosh Deaf', 'Santhosh Deaf', 'D', NULL, NULL),
(240, 4, '2013-06-21', 252, 'F', 300, 'Santhosh Mute', 'Santhosh Mute', 'D', NULL, NULL),
(241, 4, '2013-06-12', 252, 'F', 250, 'Santhosh Cough', 'Santhosh Cough', 'D', NULL, NULL),
(242, 4, '2013-06-10', 252, 'F', 300, 'Santhosh Swinf Flu', 'Santhosh Swinf Flu', 'D', NULL, NULL),
(243, 4, '2013-06-13', 252, 'F', 250, 'Santhosh Accident', 'Santhosh Accident', 'D', NULL, NULL),
(244, 4, '2013-06-29', 252, 'F', 2500, 'Santhosh Cancer', 'Santhosh Cancer', 'D', NULL, NULL),
(245, 4, '2013-06-27', 252, 'F', 200, 'Santhosh Eye clean', 'Santhosh Eye clean', 'D', NULL, NULL),
(246, 4, '2013-06-01', 400, 'F', 120, 'Chennai', 'Cricket Match', 'T', NULL, NULL),
(247, 4, '2013-06-04', 400, 'F', 100, 'Hyderabad', 'Movie', 'T', NULL, NULL),
(248, 4, '2013-06-04', 400, 'F', 1020, 'Goa', 'Enjoy', 'T', NULL, NULL),
(249, 4, '2013-06-05', 400, 'F', 200, 'Guntur', 'Philigrimage', 'T', NULL, NULL),
(250, 4, '2013-06-12', 400, 'F', 200, 'Amritsur', 'Golden Temple', 'T', NULL, NULL),
(251, 4, '2013-06-02', 400, 'F', 1200, 'Andaman', 'Ship Travel', 'T', NULL, NULL),
(252, 4, '2013-06-02', 400, 'F', 2000, 'Kashmir', 'Tour', 'T', NULL, NULL),
(253, 4, '2013-05-05', 400, 'F', 2300, 'Venice', 'Greenary', 'T', NULL, NULL),
(254, 4, '2013-06-02', 400, 'F', 3400, 'Egypt', 'Pyramids', 'T', NULL, NULL),
(255, 4, '2013-06-01', 154, 'F', 200, 'Santhosh Music', 'Santhosh Music', 'A', NULL, NULL),
(256, 4, '2013-05-12', 453, 'F', 250, 'Soccer', 'Santhosh Soccer', 'A', NULL, NULL),
(257, 4, '2013-06-28', 453, 'F', 350, 'Gymnastics', 'Santhosh Gymnastics', 'A', NULL, NULL),
(258, 4, '2013-06-12', 453, 'F', 2500, 'Swimming', 'Santhosh Synch Swimming', 'A', NULL, NULL),
(259, 4, '2013-05-07', 100, 'F', 300, 'Reading', 'Santhosh Reading', 'A', NULL, NULL),
(260, 4, '2013-06-28', 453, 'F', 120, 'Archery', 'Santhosh Archery', 'A', NULL, NULL),
(261, 4, '2013-06-28', 154, 'F', 340, 'Piano', 'Santhosh Piano', 'A', NULL, NULL),
(262, 4, '2013-07-08', 453, 'F', 260, 'Sailing', 'Santhosh Sailing', 'A', NULL, NULL),
(263, 4, '2013-05-08', 100, 'F', 600, 'Spanish', 'Santhosh Spanish', 'A', NULL, NULL),
(264, 4, '2013-05-08', 450, 'F', 500, 'Cooking', 'Santhosh Cooking', 'A', NULL, NULL),
(265, 4, '2013-06-09', 402, 'F', 1200, 'Santhosh Hotel', 'Santhosh Hotel', 'E', NULL, NULL),
(266, 4, '2013-06-11', 401, 'F', 350, 'Santhosh Air Travel', 'Air Travel', 'E', NULL, NULL),
(267, 4, '2013-06-13', 355, 'F', 300, 'Santhosh Sporting Goods', 'Sporting Goods', 'E', NULL, NULL),
(268, 4, '2013-06-28', 354, 'F', 540, 'Santhosh Magazine Hobby', 'Hobbies', 'E', NULL, NULL),
(269, 4, '2013-06-28', 254, 'T', 400, 'Santhosh Gym', 'Gym', 'E', NULL, NULL),
(270, 4, '2013-06-28', 255, 'F', 400, 'Santhosh Health Insurance', 'Health Insurance', 'E', NULL, NULL),
(271, 4, '2013-06-28', 256, 'T', 2300, 'Santhosh Pharmacy', 'Pharmacy', 'E', NULL, NULL),
(272, 4, '2013-06-19', 251, 'T', 450, 'Santhosh Dentist', 'Dentist', 'E', NULL, NULL),
(273, 4, '2013-06-28', 203, 'T', 600, 'Santhosh Coffee Shops', 'Coffee Shops', 'E', NULL, NULL),
(275, 4, '2013-05-05', 152, 'T', 360, 'Santhosh Arts', 'Arts', 'E', NULL, NULL),
(276, 4, '2013-06-11', 350, 'F', 120, 'Clock', 'Santhosh Clock', 'P', NULL, NULL),
(277, 4, '2013-05-07', 350, 'F', 3000, 'Car', 'Santhosh Car', 'P', NULL, NULL),
(278, 4, '2013-06-28', 350, 'F', 35000, 'Land', 'Santhosh Land', 'P', NULL, NULL),
(279, 4, '2013-05-13', 350, 'F', 200, 'Desktop', 'Santhosh Desktop', 'P', NULL, NULL),
(280, 4, '2013-06-28', 350, 'F', 240, 'Trimmer', 'Santhosh Trimmer', 'P', NULL, NULL),
(281, 4, '2013-06-28', 350, 'F', 460, 'OS', 'Santhosh OS', 'P', NULL, NULL),
(282, 4, '2013-06-28', 350, 'F', 200, 'IPOD', 'Santhosh IPOD', 'P', NULL, NULL),
(283, 4, '2013-06-28', 350, 'F', 300, 'Radio', 'Santhosh Radio', 'P', NULL, NULL),
(284, 4, '2013-06-28', 350, 'F', 400, 'RAM', 'Santhosh RAM', 'P', NULL, NULL),
(285, 4, '2013-06-28', 350, 'F', 500, 'HARD DISK', 'Santhosh HardDisk', 'P', NULL, NULL),
(286, 4, '2013-05-06', 252, 'F', 200, 'Santhosh Sight', 'Santhosh Sight', 'D', NULL, NULL),
(287, 4, '2013-07-20', 252, 'F', 250, 'Santhosh Heart Attack', 'Santhosh Heart Attack', 'D', NULL, NULL),
(288, 4, '2013-06-13', 252, 'F', 450, 'Santhosh Scan', 'Santhosh Scan', 'D', NULL, NULL),
(289, 4, '2013-06-22', 252, 'F', 300, 'Santhosh Kidney', 'Santhosh Kidney', 'D', NULL, NULL),
(290, 4, '2013-06-18', 252, 'F', 300, 'Santhosh Bone Crack', 'Santhosh Bone Crack', 'D', NULL, NULL),
(291, 4, '2013-06-29', 252, 'F', 400, 'Santhosh Tumor', 'Santhosh Tumor', 'D', NULL, NULL),
(292, 4, '2013-06-17', 252, 'F', 400, 'Santhosh Test', 'Santhosh Test', 'D', NULL, NULL),
(293, 4, '2013-06-30', 252, 'F', 450, 'Santhosh Brain Tumor', 'Santhosh Brain Tumor', 'D', NULL, NULL),
(294, 4, '2013-06-30', 252, 'F', 450, 'Santhosh Brain Tumor', 'Santhosh Brain Tumor', 'D', NULL, NULL),
(295, 4, '2013-06-15', 252, 'F', 450, 'Santhosh Mouth Cancer', 'Santhosh Mouth Cancer', 'D', NULL, NULL),
(296, 4, '2013-06-09', 400, 'F', 250, 'Lotus Temple', 'Sydney', 'T', NULL, NULL),
(297, 4, '2013-06-09', 400, 'F', 3000, 'China Wall', 'Adventure', 'T', NULL, NULL),
(298, 4, '2013-06-28', 400, 'F', 4000, 'Rio Stadium', 'Olympics', 'T', NULL, NULL),
(299, 4, '2013-05-13', 400, 'F', 400, 'Amazon', 'Forest Trip', 'T', NULL, NULL),
(300, 4, '2013-06-02', 400, 'F', 350, 'jantar mantar', 'Jantar mantar', 'T', NULL, NULL),
(301, 4, '2013-06-28', 400, 'F', 300, ' Necklace Road', 'Santhosh ', 'T', NULL, NULL),
(302, 4, '2013-06-28', 400, 'F', 350, 'Hyderabad', 'Charminar', 'T', NULL, NULL),
(303, 4, '2013-06-13', 400, 'F', 450, 'Hyderabad', 'Ramoji Film City', 'T', NULL, NULL),
(304, 4, '2013-06-28', 400, 'F', 650, 'Kerala', 'Kerala', 'T', NULL, NULL),
(305, 4, '2013-06-28', 400, 'F', 250, 'Jaipur / Udaipur', 'Jaipur / Udaipur', 'T', NULL, NULL),
(306, 5, '2013-03-04', 453, 'F', 120, 'Abhi swimming', 'Abhi swimming', 'A', NULL, NULL),
(307, 5, '2013-05-08', 453, 'F', 180, 'cricket', 'Abhi Cricket', 'A', NULL, NULL),
(308, 5, '2013-06-10', 453, 'F', 100, 'Archery', 'Abhi Archery', 'A', NULL, NULL),
(309, 5, '2013-06-02', 453, 'F', 200, 'basketball', 'Abhi BasketBall', 'A', NULL, NULL),
(310, 5, '2013-04-18', 453, 'F', 300, 'Bowling', 'Abhi Bowling', 'A', NULL, NULL),
(311, 5, '2013-05-16', 453, 'F', 400, 'Soccer', 'Abhi Soccer', 'A', NULL, NULL),
(312, 5, '2013-02-14', 453, 'F', 500, 'Golf', 'Abhi Golf', 'A', NULL, NULL),
(313, 5, '2013-06-11', 453, 'F', 600, 'Gymnastics', 'Abhi Gymnastics', 'A', NULL, NULL),
(314, 5, '2013-05-09', 453, 'F', 700, 'Abhi Running', 'Abhi Running', 'A', NULL, NULL),
(315, 5, '2013-06-03', 453, 'F', 800, 'Abhi Skiing', 'Abhi Skiing', 'A', NULL, NULL),
(316, 5, '2013-06-10', 453, 'F', 900, 'sailing', 'Abhi Sailing', 'A', NULL, NULL),
(317, 5, '2013-06-06', 453, 'F', 1000, 'Martial Arts', 'Abhi Martial Arts', 'A', NULL, NULL),
(318, 5, '2013-02-07', 452, 'F', 150, 'chess', 'Abhi chess', 'A', NULL, NULL),
(319, 5, '2013-06-10', 154, 'F', 250, 'music', 'Abhi music', 'A', NULL, NULL),
(320, 5, '2012-09-04', 103, 'F', 350, 'tution', 'Abhi tution', 'A', NULL, NULL),
(321, 5, '2013-06-03', 154, 'F', 450, 'piano', 'Abhi Piano', 'A', NULL, NULL),
(322, 5, '2013-06-09', 453, 'F', 550, 'Soccer', 'Abhi Soccer', 'A', NULL, NULL),
(323, 5, '2013-05-09', 154, 'F', 650, 'Music', 'Abhi Music', 'A', NULL, NULL),
(324, 5, '2013-06-09', 453, 'F', 500, 'Swimming', 'Abhi Swimming', 'A', NULL, NULL),
(325, 5, '2013-06-28', 450, 'F', 400, 'cooking', 'Abhi Cooking', 'A', NULL, NULL),
(326, 5, '2013-06-01', 101, 'T', 100, 'Abhi Books and Suplies', 'Books and Supplies', 'E', NULL, NULL),
(327, 5, '2013-06-03', 102, 'F', 2000, 'Abhi Student loan', 'Student Loan', 'E', NULL, NULL),
(328, 5, '2013-06-09', 103, 'T', 300, 'Abhi Tution', 'Tution', 'E', NULL, NULL),
(329, 5, '2013-06-09', 104, 'F', 400, 'Abhi School Fee', 'School Fee', 'E', NULL, NULL),
(330, 5, '2013-06-17', 149, 'T', 500, 'Abhi Other', 'Other', 'E', NULL, NULL),
(331, 5, '2013-06-15', 100, 'F', 600, 'Abhi Education', 'Education', 'E', NULL, NULL),
(332, 5, '2013-06-21', 150, 'T', 700, 'Abhi Entertainment', 'Entertainment', 'E', NULL, NULL),
(334, 5, '2013-06-11', 152, 'F', 800, 'Abhi Arts', 'Arts', 'E', NULL, NULL),
(335, 5, '2013-06-28', 400, 'T', 100, 'Abhi Travel', 'Travel', 'E', NULL, NULL),
(336, 5, '2013-06-10', 255, 'F', 300, 'Abhi Health Insurance', 'Health Insurance', 'E', NULL, NULL),
(337, 5, '2013-06-21', 103, 'T', 360, 'Abhi Tution', 'Tution', 'E', NULL, NULL),
(338, 5, '2013-06-28', 202, 'T', 140, 'Abhi Restuarants', 'Restuarants', 'E', NULL, NULL),
(339, 5, '2013-06-02', 152, 'T', 500, 'Abhi Arts', 'Arts', 'E', NULL, NULL),
(340, 5, '2013-06-28', 252, 'T', 400, 'Abhi Doctor', 'Doctor', 'E', NULL, NULL),
(341, 5, '2013-04-17', 254, 'T', 500, 'Abhi Gym', 'Gym', 'E', NULL, NULL),
(342, 5, '2013-06-19', 154, 'T', 550, 'Abhi Music', 'Music', 'E', NULL, NULL),
(343, 5, '2013-06-11', 102, 'F', 450, 'Abhi Loan', 'Loan', 'E', NULL, NULL),
(344, 5, '2013-06-22', 101, 'T', 600, 'Abhi Books', 'Books', 'E', NULL, NULL),
(345, 5, '2013-04-10', 350, 'F', 1200, 'Camera', 'Abhi Camera', 'P', NULL, NULL),
(346, 5, '2013-06-28', 350, 'F', 1500, 'Gold', 'Abhi Gold', 'P', NULL, NULL),
(347, 5, '2013-06-28', 350, 'F', 400, 'Watch', 'Abhi Watch', 'P', NULL, NULL),
(348, 5, '2013-06-10', 350, 'F', 3400, 'LCD TV', 'Abhi LCD TV', 'P', NULL, NULL),
(349, 5, '2013-06-28', 350, 'F', 200, 'Keyboard', 'Abhi Keyboard', 'P', NULL, NULL),
(350, 5, '2013-06-28', 350, 'F', 300, 'Car', 'Abhi Car', 'P', NULL, NULL),
(351, 5, '2013-06-14', 350, 'F', 450, 'Glasses', 'Abhi Glasses', 'P', NULL, NULL),
(352, 5, '2013-06-02', 350, 'F', 440, 'Shoes', 'Abhi Shoes', 'P', NULL, NULL),
(353, 5, '2013-06-28', 350, 'F', 400, 'Shirt', 'Abhi Shirt', 'P', NULL, NULL),
(354, 5, '2013-06-28', 350, 'F', 4500, 'Voltas AC', 'Abhi Voltas AC', 'P', NULL, NULL),
(355, 5, '2013-06-28', 350, 'F', 500, 'Bike', 'Abhi Bike', 'P', NULL, NULL),
(356, 5, '2013-06-28', 350, 'F', 6000, 'PC', 'Abhi PC', 'P', NULL, NULL),
(357, 5, '2013-06-09', 350, 'F', 700, 'RAM', 'Abhi RAM', 'P', NULL, NULL),
(358, 5, '2013-05-09', 350, 'F', 300, 'Mouse', 'Abhi Mouse', 'P', NULL, NULL),
(359, 5, '2013-06-28', 350, 'F', 300, 'Secret Book', 'Abhi Secret Book', 'P', NULL, NULL),
(360, 5, '2013-04-03', 350, 'F', 200, 'Cricket Kit', 'Abhi Kit', 'P', NULL, NULL),
(361, 5, '2013-04-03', 350, 'F', 450, 'Toys', 'Abhi Toys', 'P', NULL, NULL),
(362, 5, '2013-05-10', 350, 'F', 350, 'TeddyBear', 'Abhi TeddyBear', 'P', NULL, NULL),
(363, 5, '2013-06-15', 350, 'F', 300, 'Tea Set', 'Abhi TeaSet', 'P', NULL, NULL),
(364, 5, '2013-05-10', 350, 'F', 1200, 'Bicycle', 'Abhi Bicycle', 'P', NULL, NULL),
(365, 5, '2013-06-10', 252, 'F', 1200, 'Abhi Body Scan', 'Abhi Body Scan', 'D', NULL, NULL),
(366, 5, '2013-05-15', 252, 'F', 200, 'Abhi Cough', 'Abhi Cough', 'D', NULL, NULL),
(367, 5, '2013-06-09', 252, 'F', 300, 'Abhi Cold', 'Abhi Cold', 'D', NULL, NULL),
(368, 5, '2013-06-21', 252, 'F', 400, 'Abhi Fever', 'Abhi Fever', 'D', NULL, NULL),
(369, 5, '2013-06-28', 252, 'F', 400, 'Abhi Body Pain', 'Abhi Body Pain', 'D', NULL, NULL),
(370, 5, '2013-06-17', 252, 'F', 400, 'Abhi Head Ache', 'Abhi Head Ache', 'D', NULL, NULL),
(371, 5, '2013-04-10', 252, 'F', 600, 'Abhi Kidney Problem', 'Abhi Kidney Problem', 'D', NULL, NULL),
(372, 5, '2013-06-09', 252, 'F', 700, 'Abhi Gas Trouble', 'Abhi Gas Trouble', 'D', NULL, NULL),
(373, 5, '2013-04-24', 252, 'F', 7800, 'Abhi Cancer', 'Abhi Cancer', 'D', NULL, NULL),
(374, 5, '2013-06-17', 252, 'F', 2400, 'Abhi Liver Cancer', 'Abhi Liver Cancer', 'D', NULL, NULL);

INSERT INTO `PHYSICAL_GROWTH` (`ID`, `USER_ID`, `AS_OF_DATE`, `HEIGHT`, `WEIGHT`, `COMMENTS`, `CREATED_AT`, `UPDATED_AT`) VALUES
(1, 1, '1994-04-20', 57.97, 6.00, ' growth note 1      ', NULL, NULL),
(2, 1, '1994-07-14', 64.43, 8.04, ' growth note 2         ', NULL, NULL),
(3, 1, '1994-12-14', 71.80, 10.00, ' growth notes 3       ', NULL, NULL),
(4, 1, '1995-02-20', 74.17, 11.00, ' growth note 4    ', NULL, NULL),
(5, 1, '1995-07-23', 79.31, 12.00, ' growth note 5   ', NULL, NULL),
(6, 1, '1995-12-23', 83.67, 14.00, ' growth note 6   ', NULL, NULL),
(7, 1, '1996-03-24', 86.03, 13.80, ' growth note 7  ', NULL, NULL),
(8, 1, '1996-08-24', 89.61, 14.32, ' growth note 8   ', NULL, NULL),
(9, 1, '1996-12-25', 92.24, 15.90, ' growth note 9  ', NULL, NULL),
(10, 1, '1997-03-20', 93.33, 16.00, ' growth note 10       ', NULL, NULL),
(11, 1, '1997-08-01', 95.72, 16.90, ' growth note11      ', NULL, NULL),
(12, 1, '1997-12-15', 98.55, 17.58, ' growth note12     ', NULL, NULL),
(13, 1, '1998-03-20', 100.20, 18.48, ' growth note13      ', NULL, NULL),
(14, 1, '1998-08-15', 102.87, 18.02, ' growth note14    ', NULL, NULL),
(15, 1, '1999-02-20', 106.02, 18.89, ' growth  note 15    ', NULL, NULL),
(16, 1, '1999-08-15', 109.14, 23.70, ' growth note 16  ', NULL, NULL),
(17, 1, '2000-02-20', 112.24, 23.33, ' growth note17   ', NULL, NULL),
(18, 1, '2000-08-20', 115.33, 24.00, ' growth note 18  ', NULL, NULL),
(19, 1, '2001-02-20', 118.38, 25.60, ' growth note 19  ', NULL, NULL),
(20, 1, '2001-08-20', 121.37, 30.40, ' growth note 20    ', NULL, NULL),
(21, 1, '2002-03-16', 124.72, 32.90, ' growth note 21   ', NULL, NULL),
(22, 1, '2002-09-20', 127.44, 32.00, ' growth note 22   ', NULL, NULL),
(23, 1, '2003-04-14', 130.43, 37.70, 'growth note 23      ', NULL, NULL),
(24, 1, '2003-10-25', 132.84, 39.60, ' growth note 24      ', NULL, NULL),
(25, 1, '2004-02-20', 134.40, 39.50, ' growth note 25  ', NULL, NULL),
(26, 1, '2004-08-20', 136.69, 41.00, ' growth note 26    ', NULL, NULL),
(27, 1, '2005-03-16', 139.42, 41.40, ' growth note 27   ', NULL, NULL),
(28, 1, '2005-09-20', 141.96, 44.00, ' growth note 28   ', NULL, NULL),
(29, 1, '2006-04-14', 145.34, 44.00, 'growth note 29      ', NULL, NULL),
(30, 1, '2006-10-25', 148.68, 48.00, ' growth note 30      ', NULL, NULL),
(31, 1, '2007-03-16', 151.74, 48.85, ' growth note 31   ', NULL, NULL),
(32, 1, '2007-08-20', 154.92, 49.47, ' growth note 32    ', NULL, NULL),
(33, 1, '2008-04-14', 159.83, 50.10, 'growth note 33      ', NULL, NULL),
(34, 1, '2008-09-20', 162.51, 52.18, ' growth note 34   ', NULL, NULL),
(35, 1, '2009-02-20', 164.77, 54.21, ' growth note 35  ', NULL, NULL),
(36, 1, '2009-10-25', 167.48, 58.26, ' growth note 36      ', NULL, NULL),
(37, 1, '2010-03-16', 168.69, 59.79, ' growth note 37   ', NULL, NULL),
(38, 1, '2010-08-20', 169.60, 60.25, ' growth note 38    ', NULL, NULL),
(39, 1, '2011-04-14', 171.02, 61.95, ' growth note 39   ', NULL, NULL),
(40, 1, '2011-09-20', 171.08, 62.15, 'growth note 40      ', NULL, NULL),
(41, 2, '1998-04-14', 56, 5.6, ' growth note 1     ', NULL, NULL),
(42, 2, '1998-08-14', 63, 6.8, ' growth notes 2        ', NULL, NULL),
(43, 2, '1998-12-23', 68, 8.15, ' growth note 3  ', NULL, NULL),
(44, 2, '1999-04-24', 72, 9.5, ' growth note 5 ', NULL, NULL),
(45, 2, '1999-08-25', 76, 10.5,  ' growth note 4 ', NULL, NULL),
(46, 2, '1999-12-24', 80, 12, ' growth note 6       ', NULL, NULL),
(47, 2, '2000-02-01', 82, 13.5,  ' growth note6      ', NULL, NULL),
(48, 2, '2000-08-15', 84, 14.8, ' growth note7     ', NULL, NULL),
(49, 2, '2000-12-20', 86, 15.9, ' growth note8      ', NULL, NULL),
(50, 2, '2001-06-15', 88, 17, ' growth note9    ', NULL, NULL),
(51, 2, '2001-12-20', 90, 18, ' growth  note 10    ', NULL, NULL),
(52, 2, '2002-06-15', 92, 19.6, ' growth note 11  ', NULL, NULL),
(53, 2, '2002-12-20', 94, 20.8, ' growth note12   ', NULL, NULL),
(54, 2, '2003-04-20', 96, 21.9, ' growth note 13  ', NULL, NULL),
(55, 2, '2003-09-20', 100, 23, ' growth note 14  ', NULL, NULL),
(56, 2, '2004-03-20', 104, 24.2, ' growth note 15   ', NULL, NULL),
(57, 2, '2004-08-16', 108, 25.8, ' growth note 16  ', NULL, NULL),
(58, 2, '2004-12-20', 113, 26.9, ' growth note 17 ', NULL, NULL),
(59, 2, '2005-04-14', 118, 28, 'growth note 18   ', NULL, NULL),
(60, 2, '2005-08-25', 124, 29, ' growth note 19  ', NULL, NULL),
(61, 2, '2006-04-14', 126, 30, ' growth note 1   ', NULL, NULL),
(62, 2, '2006-08-14', 128, 31, ' growth notes 2   ', NULL, NULL),
(63, 2, '2007-06-23', 130, 32, ' growth note 3', NULL, NULL),
(64, 2, '2007-12-24', 132, 33.8, ' growth note 5 ', NULL, NULL),
(65, 2, '2008-06-25', 133, 35, ' growth note 4 ', NULL, NULL),
(66, 2, '2008-12-24', 135, 36.5, ' growth note 6       ', NULL, NULL),
(67, 2, '2009-02-01', 136, 37.5, ' growth note6      ', NULL, NULL),
(68, 2, '2009-08-15', 138, 38.5, ' growth note7     ', NULL, NULL),
(69, 2, '2009-12-20', 140, 38, ' growth note8      ', NULL, NULL),
(70, 2, '2010-03-15', 142, 38.4, ' growth note9    ', NULL, NULL),
(71, 2, '2010-08-20', 144, 40, ' growth  note 10    ', NULL, NULL),
(72, 2, '2010-12-15', 144, 40.2,' growth note 11  ', NULL, NULL),
(73, 2, '2011-03-20', 145, 41, ' growth note12   ', NULL, NULL),
(74, 2, '2011-06-20', 145, 41.5, ' growth note 13  ', NULL, NULL),
(75, 2, '2011-11-20', 146, 42, ' growth note 14  ', NULL, NULL),
(76, 2, '2012-03-20', 146.6, 43,  ' growth note 15   ', NULL, NULL),
(77, 2, '2012-08-16', 147.3, 44, ' growth note 16  ', NULL, NULL),
(78, 2, '2012-12-20', 148, 45, ' growth note 17 ', NULL, NULL),
(79, 2, '2013-03-14', 149, 46, 'growth note 18   ', NULL, NULL),
(80, 2, '2013-06-25', 150, 47,  ' growth note 19  ', NULL, NULL),
(81, 3, '1999-04-15', 56, 5.6, ' growth note1      ', NULL, NULL),
(82, 3, '1999-08-15', 63, 6.3,  ' growth note1      ', NULL, NULL),
(83, 3, '1999-12-15', 72, 7.2, ' growth note1      ', NULL, NULL),
(84, 3, '2000-04-15', 74, 8.2, ' growth note2      ', NULL, NULL),
(85, 3, '2000-08-18', 78, 9.5, ' growth note3    ', NULL, NULL),
(86, 3, '2000-12-25', 82, 10.6, ' growth note 4   ', NULL, NULL),
(87, 3, '2001-04-15', 88, 11.6, ' growth note 5      ', NULL, NULL),
(88, 3, '2001-08-14', 93, 12.8, ' growth note6   ', NULL, NULL),
(89, 3, '2001-12-14', 95, 14, ' growth note6   ', NULL, NULL),
(90, 3, '2002-04-13', 96, 15, ' growth note7   ', NULL, NULL),
(91, 3, '2002-08-24', 99, 16, ' growth note8   ', NULL, NULL),
(92, 3, '2002-12-24', 101, 17, ' growth note8   ', NULL, NULL),
(93, 3, '2003-04-12', 104, 18, ' growth note9   ', NULL, NULL),
(94, 3, '2003-08-11', 106, 19.2, ' growth  note 10   ', NULL, NULL),
(95, 3, '2003-12-11', 107, 20.5,  ' growth  note 10   ', NULL, NULL),
(96, 3, '2004-03-10', 108, 21.8, ' growth note 11  ', NULL, NULL),
(97, 3, '2004-06-10', 109, 22.9,  ' growth note 11  ', NULL, NULL),
(98, 3, '2004-10-10', 110, 24, ' growth note 11  ', NULL, NULL),
(99, 3, '2005-03-23', 112, 25, ' growth note12   ', NULL, NULL),
(100, 3, '2005-07-23', 114, 25.5, ' growth note12   ', NULL, NULL),
(101, 3, '2005-11-23', 116, 26.8, ' growth note12   ', NULL, NULL),
(102, 3, '2006-04-22', 118, 27.9, ' growth note 13       ', NULL, NULL),
(103, 3, '2006-08-22', 120, 28.9, ' growth note 13       ', NULL, NULL),
(104, 3, '2006-12-22', 123, 30.4, ' growth note 13       ', NULL, NULL),
(105, 3, '2007-03-21', 126, 31.8, ' growth note 14      ', NULL, NULL),
(106, 3, '2007-08-21', 129, 33, ' growth note 14      ', NULL, NULL),
(107, 3, '2007-12-21', 132, 34, ' growth note 14      ', NULL, NULL),
(108, 3, '2008-05-20', 134, 35, ' growth note 15    ', NULL, NULL),
(109, 3, '2008-08-20', 136, 36, ' growth note 15    ', NULL, NULL),
(110, 3, '2008-12-20', 138, 37, ' growth note 15    ', NULL, NULL),
(111, 3, '2009-02-09', 140, 38, ' growth note 16     ', NULL, NULL),
(112, 3, '2009-08-09', 143, 39, ' growth note 16     ', NULL, NULL),
(113, 3, '2009-12-09', 146, 40, ' growth note 16     ', NULL, NULL),
(114, 3, '2010-04-08', 149, 41, ' growth note 17     ', NULL, NULL),
(115, 3, '2010-09-08', 150, 42, ' growth note 17     ', NULL, NULL),
(116, 3, '2010-12-08', 150.5, 43, ' growth note 17     ', NULL, NULL),
(117, 3, '2011-03-07', 151, 44, 'growth note 18    ', NULL, NULL),
(118, 3, '2011-06-07', 151, 45, 'growth note 18    ', NULL, NULL),
(119, 3, '2012-06-07', 151.5, 46, 'growth note 18    ', NULL, NULL),
(120, 3, '2012-12-06', 152, 47, ' growth note 19    ', NULL, NULL),
(121, 4, '1995-04-20', 57, 5.1, ' growth note 1   ', NULL, NULL),
(122, 4, '1995-07-14', 64, 7.0, ' growth note 2   ', NULL, NULL),
(123, 4, '1995-12-14', 71, 9.1, ' growth notes 3   ', NULL, NULL),
(124, 4, '1996-02-20', 74, 9.7, ' growth note 4', NULL, NULL),
(125, 4, '1995-07-23', 64, 7.0, ' growth note 5', NULL, NULL),
(126, 4, '1996-12-23', 83, 11.5, ' growth note 6', NULL, NULL),
(127, 4, '1997-03-24', 85, 11.9, ' growth note 7 ', NULL, NULL),
(128, 4, '1997-08-24', 88, 12.6, ' growth note 8 ', NULL, NULL),
(129, 4, '1997-12-25', 91, 13.1, ' growth note 9 ', NULL, NULL),
(130, 4, '1998-03-20', 93, 13.5, ' growth note 10       ', NULL, NULL),
(131, 4, '1998-08-01', 95, 14.0, ' growth note11      ', NULL, NULL),
(132, 4, '1998-12-15', 98, 14.7, ' growth note12     ', NULL, NULL),
(133, 4, '1999-03-20', 100, 15.2, ' growth note13      ', NULL, NULL),
(134, 4, '1999-08-15', 102, 16.0, ' growth note14    ', NULL, NULL),
(135, 4, '2000-02-20', 106, 16.9, ' growth  note 15    ', NULL, NULL),
(136, 4, '2000-08-15', 109, 17.9, ' growth note 16  ', NULL, NULL),
(137, 4, '2001-02-20', 112, 19.0, ' growth note17   ', NULL, NULL),
(138, 4, '2001-08-20', 115, 20.0, ' growth note 18  ', NULL, NULL),
(139, 4, '2002-02-20', 118, 21.0, ' growth note 19  ', NULL, NULL),
(140, 4, '2002-08-20', 121, 22.1, ' growth note 20    ', NULL, NULL),
(141, 4, '2003-03-16', 124, 23.5, ' growth note 21   ', NULL, NULL),
(142, 4, '2003-09-20', 127, 24.7, ' growth note 22   ', NULL, NULL),
(143, 4, '2004-04-14', 130, 26.2, 'growth note 23      ', NULL, NULL),
(144, 4, '2004-10-25', 132, 27.6, ' growth note 24      ', NULL, NULL),
(145, 4, '2005-02-20', 134, 28.6, ' growth note 25  ', NULL, NULL),
(146, 4, '2005-08-20', 136, 30.2, ' growth note 26    ', NULL, NULL),
(147, 4, '2006-03-16', 139, 32.2, ' growth note 27   ', NULL, NULL),
(148, 4, '2006-09-20', 141, 34.1, ' growth note 28   ', NULL, NULL),
(149, 4, '2007-04-14', 145, 36.5, 'growth note 29      ', NULL, NULL),
(150, 4, '2007-10-25', 148, 38.7, ' growth note 30      ', NULL, NULL),
(151, 4, '2008-08-20', 154, 42.7, ' growth note 31    ', NULL, NULL),
(152, 4, '2008-03-16', 151, 40.7, ' growth note 32   ', NULL, NULL),
(153, 4, '2009-09-20', 162, 48.1, ' growth note 33   ', NULL, NULL),
(154, 4, '2009-04-14', 159, 46.1, 'growth note 34      ', NULL, NULL),
(155, 4, '2010-10-25', 167, 53.2, ' growth note 35      ', NULL, NULL),
(156, 4, '2010-02-20', 164, 50.2, ' growth note 36  ', NULL, NULL),
(157, 4, '2011-08-20', 169, 56.0, ' growth note 37    ', NULL, NULL),
(158, 4, '2011-03-16', 168, 54.9, ' growth note 38   ', NULL, NULL),
(159, 4, '2012-09-20', 170, 55.1, ' growth note 39   ', NULL, NULL),
(160, 4, '2012-04-14', 170, 55.0, 'growth note 40      ', NULL, NULL),
(161, 5, '1998-04-14', 56, 5.6, ' growth note 1     ', NULL, NULL),
(162, 5, '1998-08-14', 63, 6.8, ' growth notes 2        ', NULL, NULL),
(163, 5, '1998-12-23', 68, 8.15, ' growth note 3  ', NULL, NULL),
(164, 5, '1999-04-24', 72, 9.5,  ' growth note 5 ', NULL, NULL),
(165, 5, '1999-08-25', 76, 10.5, ' growth note 4 ', NULL, NULL),
(166, 5, '1999-12-24', 80, 12, ' growth note 6       ', NULL, NULL),
(167, 5, '2000-02-01', 82, 13.5, ' growth note6      ', NULL, NULL),
(168, 5, '2000-08-15', 84, 14.8, ' growth note7     ', NULL, NULL),
(169, 5, '2000-12-20', 86, 15.9, ' growth note8      ', NULL, NULL),
(170, 5, '2001-06-15', 88, 17, ' growth note9    ', NULL, NULL),
(171, 5, '2001-12-20', 90, 18, ' growth  note 10    ', NULL, NULL),
(172, 5, '2002-06-15', 92, 19.6, ' growth note 11  ', NULL, NULL),
(173, 5, '2002-12-20', 94, 20.8, ' growth note12   ', NULL, NULL),
(174, 5, '2003-04-20', 96, 21.9, ' growth note 13  ', NULL, NULL),
(175, 5, '2003-09-20', 100, 23, ' growth note 14  ', NULL, NULL),
(176, 5, '2004-03-20', 104, 24.2, ' growth note 15   ', NULL, NULL),
(177, 5, '2004-08-16', 108, 25.8, ' growth note 16  ', NULL, NULL),
(178, 5, '2004-12-20', 113, 26.9, ' growth note 17 ', NULL, NULL),
(179, 5, '2005-04-14', 118, 28, 'growth note 18   ', NULL, NULL),
(180, 5, '2005-08-25', 124, 29, ' growth note 19  ', NULL, NULL),
(181, 5, '2006-04-14', 126, 30, ' growth note 1   ', NULL, NULL),
(182, 5, '2006-08-14', 128, 31, ' growth notes 2   ', NULL, NULL),
(183, 5, '2007-06-23', 130, 32, ' growth note 3', NULL, NULL),
(184, 5, '2007-12-24', 132, 33.8, ' growth note 5 ', NULL, NULL),
(185, 5, '2008-06-25', 133, 35, ' growth note 4 ', NULL, NULL),
(186, 5, '2008-12-24', 135, 36.5, ' growth note 6       ', NULL, NULL),
(187, 5, '2009-02-01', 136, 37.5, ' growth note6      ', NULL, NULL),
(188, 5, '2009-08-15', 138, 38.5, ' growth note7     ', NULL, NULL),
(189, 5, '2009-12-20', 140, 38, ' growth note8      ', NULL, NULL),
(190, 5, '2010-03-15', 142, 38.4, ' growth note9    ', NULL, NULL),
(191, 5, '2010-08-20', 144, 40, ' growth  note 10    ', NULL, NULL),
(192, 5, '2010-12-15', 144, 40.2, ' growth note 11  ', NULL, NULL),
(193, 5, '2011-03-20', 145, 41, ' growth note12   ', NULL, NULL),
(194, 5, '2011-06-20', 145, 41.5, ' growth note 13  ', NULL, NULL),
(195, 5, '2011-11-20', 146, 42, ' growth note 14  ', NULL, NULL),
(196, 5, '2012-03-20', 146.6, 43, ' growth note 15   ', NULL, NULL),
(197, 5, '2012-08-16', 147.3, 44, ' growth note 16  ', NULL, NULL),
(198, 5, '2012-12-20', 148, 45, ' growth note 17 ', NULL, NULL),
(199, 5, '2013-03-14', 149, 46, 'growth note 18   ', NULL, NULL),
(200, 5, '2013-06-25', 150, 47, ' growth note 19  ', NULL, NULL),
(201, 6, '1999-04-15', 56, 5.6, ' growth note1      ', NULL, NULL),
(202, 6, '1999-08-15', 63, 6.3, ' growth note1      ', NULL, NULL),
(203, 6, '1999-12-15', 72, 7.2, ' growth note1      ', NULL, NULL),
(204, 6, '2000-04-15', 74, 8.2, ' growth note2      ', NULL, NULL),
(205, 6, '2000-08-18', 78, 9.5, ' growth note3    ', NULL, NULL),
(206, 6, '2000-12-25', 82, 10.6, ' growth note 4   ', NULL, NULL),
(207, 6, '2001-04-15', 88, 11.6, ' growth note 5      ', NULL, NULL),
(208, 6, '2001-08-14', 93, 12.8, ' growth note6   ', NULL, NULL),
(209, 6, '2001-12-14', 95, 14, ' growth note6   ', NULL, NULL),
(210, 6, '2002-04-13', 96, 15, ' growth note7   ', NULL, NULL),
(211, 6, '2002-08-24', 99, 16, ' growth note8   ', NULL, NULL),
(212, 6, '2002-12-24', 101, 17, ' growth note8   ', NULL, NULL),
(213, 6, '2003-04-12', 104, 18, ' growth note9   ', NULL, NULL),
(214, 6, '2003-08-11', 106, 19.2, ' growth  note 10   ', NULL, NULL),
(215, 6, '2003-12-11', 107, 20.5, ' growth  note 10   ', NULL, NULL),
(216, 6, '2004-03-10', 108, 21.8, ' growth note 11  ', NULL, NULL),
(217, 6, '2004-06-10', 109, 22.9, ' growth note 11  ', NULL, NULL),
(218, 6, '2004-10-10', 110, 24, ' growth note 11  ', NULL, NULL),
(219, 6, '2005-03-23', 112, 25, ' growth note12   ', NULL, NULL),
(220, 6, '2005-07-23', 114, 25.5, ' growth note12   ', NULL, NULL),
(221, 6, '2005-11-23', 116, 26.8, ' growth note12   ', NULL, NULL),
(222, 6, '2006-04-22', 118, 27.9, ' growth note 13       ', NULL, NULL),
(223, 6, '2006-08-22', 120, 28.9,  ' growth note 13       ', NULL, NULL),
(224, 6, '2006-12-22', 123, 30.4, ' growth note 13       ', NULL, NULL),
(225, 6, '2007-03-21', 126, 31.8, ' growth note 14      ', NULL, NULL),
(226, 6, '2007-08-21', 129, 33, ' growth note 14      ', NULL, NULL),
(227, 6, '2007-12-21', 132, 34, ' growth note 14      ', NULL, NULL),
(228, 6, '2008-05-20', 134, 35, ' growth note 15    ', NULL, NULL),
(229, 6, '2008-08-20', 136, 36, ' growth note 15    ', NULL, NULL),
(230, 6, '2008-12-20', 138, 37, ' growth note 15    ', NULL, NULL),
(231, 6, '2009-02-09', 140, 38, ' growth note 16     ', NULL, NULL),
(232, 6, '2009-08-09', 143, 39, ' growth note 16     ', NULL, NULL),
(233, 6, '2009-12-09', 146, 40, ' growth note 16     ', NULL, NULL),
(234, 6, '2010-04-08', 149, 41, ' growth note 17     ', NULL, NULL),
(235, 6, '2010-09-08', 150, 42, ' growth note 17     ', NULL, NULL),
(236, 6, '2010-12-08', 150.5, 43, ' growth note 17     ', NULL, NULL),
(237, 6, '2011-03-07', 151, 44, 'growth note 18    ', NULL, NULL),
(238, 6, '2011-06-07', 151, 45, 'growth note 18    ', NULL, NULL),
(239, 6, '2012-06-07', 151.5, 46,  'growth note 18    ', NULL, NULL),
(240, 6, '2012-12-06', 152, 47, ' growth note 19    ', NULL, NULL);


INSERT INTO `PURCHASE` (`ID`, `USER_ID`, `PURCHASE_DATE`, `PURCHASE_TYPE_CD`, `EXPENSE_ID`, `ITEM_NAME`, `DESCRIPTION`, `CREATED_AT`, `UPDATED_AT`) VALUES
(1, 1, '2013-06-24', 9001, 49, 'Samsung', 'Venkat Samsung', NULL, NULL),
(2, 1, '2013-06-23', 9003, 50, 'Car', 'Venkat Car desc', NULL, NULL),
(3, 1, '2013-06-22', 9004, 51, 'Toys', 'Venkat toys for baby', NULL, NULL),
(4, 1, '2013-06-25', 9005, 52, 'Fairness Creams', 'Venkat Desc ', NULL, NULL),
(5, 1, '2013-06-25', 9006, 53, 'Illusions', 'Venkat illusions', NULL, NULL),
(6, 1, '2013-06-25', 9008, 54, 'Fashion Collections', 'Venkat Desc', NULL, NULL),
(7, 1, '2013-06-25', 9009, 55, 'Sony Lap', 'Venkat Sonny Lap', NULL, NULL),
(8, 1, '2013-06-12', 9010, 56, 'Crompton Fans', 'Venkat Crompton Graves', NULL, NULL),
(9, 1, '2013-06-25', 9011, 57, 'Greeting Card', 'Venkat desc card', NULL, NULL),
(10, 2, '2013-06-24', 9001, 124, 'Samsung', 'Venu Samsung', NULL, NULL),
(11, 2, '2013-06-23', 9003, 125, 'Car', 'Venu Car desc', NULL, NULL),
(12, 2, '2013-06-22', 9004, 126, 'Toys', 'Venu toys for baby', NULL, NULL),
(13, 2, '2013-06-25', 9005, 127, 'Fairness Creams', 'Venu Desc ', NULL, NULL),
(14, 2, '2013-06-25', 9006, 128, 'Illusions', 'Venu illusions', NULL, NULL),
(15, 2, '2013-06-25', 9008, 129, 'Fashion Collections', 'Venu Desc', NULL, NULL),
(16, 2, '2013-06-25', 9009, 130, 'Sony Lap', 'Venu Sonny Lap', NULL, NULL),
(17, 2, '2013-06-12', 9010, 131, 'Crompton Fans', 'Venu Crompton Graves', NULL, NULL),
(18, 2, '2013-06-25', 9011, 132, 'Greeting Card', 'Venu desc card', NULL, NULL),
(19, 3, '2013-06-27', 9004, 174, 'Toys for Baby', 'Janu Toys', NULL, NULL),
(20, 3, '2013-06-18', 9006, 175, 'Twillight Saga', 'Janu books', NULL, NULL),
(21, 3, '2013-06-13', 9009, 176, 'Sony Lap', 'Janu Sony lap', NULL, NULL),
(22, 3, '2013-06-10', 9011, 177, 'TeddyBear', 'Janu TeddyBear', NULL, NULL),
(23, 3, '2013-06-28', 9010, 178, 'PenDrive', 'Janu PenDrive', NULL, NULL),
(24, 3, '2013-06-27', 9001, 179, 'Knife', 'Janu Knife', NULL, NULL),
(25, 3, '2013-06-27', 9009, 180, 'Windows7', 'Janu Windows7', NULL, NULL),
(26, 3, '2013-06-27', 9010, 181, 'Cable', 'Janu Cable', NULL, NULL),
(27, 3, '2013-06-27', 9009, 182, 'Modem', 'Janu Modem', NULL, NULL),
(28, 3, '2013-06-11', 9010, 183, 'Charger', 'Janu Charger', NULL, NULL),
(29, 3, '2013-06-02', 9001, 184, 'Shoes', 'Janu Shoes', NULL, NULL),
(30, 3, '2013-06-15', 9010, 185, 'Motor', 'Janu Motor', NULL, NULL),
(31, 4, '2013-06-27', 9009, 226, 'Micro SD card', 'Santhosh SD Card', NULL, NULL),
(32, 4, '2013-06-19', 9004, 227, 'Toys', 'Santhosh Toys', NULL, NULL),
(33, 4, '2013-06-10', 9006, 228, 'SydneySheldon', 'Santhosh SS', NULL, NULL),
(34, 4, '2013-06-04', 9010, 229, 'Inverter', 'Santhosh Inverter', NULL, NULL),
(35, 4, '2013-06-27', 9006, 230, 'Pen', 'Santhosh Pen', NULL, NULL),
(36, 4, '2013-06-11', 9001, 231, 'Chair', 'Santhosh Chair', NULL, NULL),
(37, 4, '2013-06-27', 9008, 232, 'Fan', ' Santhosh Fan', NULL, NULL),
(38, 4, '2013-06-27', 9010, 233, 'Mouse', 'Santhosh Mouse', NULL, NULL),
(39, 4, '2013-06-21', 9003, 234, 'Table', 'Santhosh  Table', NULL, NULL),
(40, 4, '2013-06-13', 9001, 235, 'House', 'Santhosh  House', NULL, NULL),
(41, 4, '2013-06-11', 9001, 276, 'Clock', 'Santhosh Clock', NULL, NULL),
(42, 4, '2013-05-07', 9003, 277, 'Car', 'Santhosh Car', NULL, NULL),
(43, 4, '2013-06-28', 9001, 278, 'Land', 'Santhosh Land', NULL, NULL),
(44, 4, '2013-05-13', 9009, 279, 'Desktop', 'Santhosh Desktop', NULL, NULL),
(45, 4, '2013-06-28', 9010, 280, 'Trimmer', 'Santhosh Trimmer', NULL, NULL),
(46, 4, '2013-06-28', 9009, 281, 'OS', 'Santhosh OS', NULL, NULL),
(47, 4, '2013-06-28', 9010, 282, 'IPOD', 'Santhosh IPOD', NULL, NULL),
(48, 4, '2013-06-28', 9010, 283, 'Radio', 'Santhosh Radio', NULL, NULL),
(49, 4, '2013-06-28', 9009, 284, 'RAM', 'Santhosh RAM', NULL, NULL),
(50, 4, '2013-06-28', 9009, 285, 'HARD DISK', 'Santhosh HardDisk', NULL, NULL),
(51, 5, '2013-04-10', 9010, 345, 'Camera', 'Abhi Camera', NULL, NULL),
(52, 5, '2013-06-28', 9011, 346, 'Gold', 'Abhi Gold', NULL, NULL),
(53, 5, '2013-06-28', 9011, 347, 'Watch', 'Abhi Watch', NULL, NULL),
(54, 5, '2013-06-10', 9010, 348, 'LCD TV', 'Abhi LCD TV', NULL, NULL),
(55, 5, '2013-06-28', 9009, 349, 'Keyboard', 'Abhi Keyboard', NULL, NULL),
(56, 5, '2013-06-28', 9003, 350, 'Car', 'Abhi Car', NULL, NULL),
(57, 5, '2013-06-14', 9001, 351, 'Glasses', 'Abhi Glasses', NULL, NULL),
(58, 5, '2013-06-02', 9005, 352, 'Shoes', 'Abhi Shoes', NULL, NULL),
(59, 5, '2013-06-28', 9005, 353, 'Shirt', 'Abhi Shirt', NULL, NULL),
(60, 5, '2013-06-28', 9010, 354, 'Voltas AC', 'Abhi Voltas AC', NULL, NULL),
(61, 5, '2013-06-28', 9003, 355, 'Bike', 'Abhi Bike', NULL, NULL),
(62, 5, '2013-06-28', 9009, 355, 'PC', 'Abhi PC', NULL, NULL),
(63, 5, '2013-06-09', 9009, 357, 'RAM', 'Abhi RAM', NULL, NULL),
(64, 5, '2013-05-09', 9009, 358, 'Mouse', 'Abhi Mouse', NULL, NULL),
(65, 5, '2013-06-28', 9006, 359, 'Secret Book', 'Abhi Secret Book', NULL, NULL),
(66, 5, '2013-04-03', 9008, 360, 'Cricket Kit', 'Abhi Kit', NULL, NULL),
(67, 5, '2013-04-03', 9004, 361, 'Toys', 'Abhi Toys', NULL, NULL),
(68, 5, '2013-05-10', 9011, 362, 'TeddyBear', 'Abhi TeddyBear', NULL, NULL),
(69, 5, '2013-06-15', 9001, 363, 'Tea Set', 'Abhi TeaSet', NULL, NULL),
(70, 5, '2013-05-10', 9003, 364, 'Bicycle', 'Abhi Bicycle', NULL, NULL);

INSERT INTO `SCHOOLED_AT` (`ID`, `USER_ID`, `FROM_DATE`, `FROM_TO`, `SCHOOL_NAME`, `GRADE`, `COMMENTS`, `CREATED_AT`, `UPDATED_AT`) VALUES
(1, 1, '1996-06-12', '1998-06-12', 'Meridian pub School', '9500', 'Venkat desc kindergarten', NULL, NULL),
(2, 1, '1998-06-12', '1999-06-12', 'Radiant Ele School', '9501', 'Venkat desc ele', NULL, NULL),
(3, 1, '0200-06-12', '2002-06-12', 'Oakridge International school', '9502', 'Venkat desc middle school', NULL, NULL),
(4, 1, '2007-01-03', '2011-03-15', 'CBIT Hyd', '9504', 'Venkat B.Tech CSE', NULL, NULL),
(5, 1, '2011-04-07', '2013-05-07', 'ISB', '9505', 'Venkat MBA', NULL, NULL),
(6, 1, '2011-07-13', '2013-06-09', 'Harvard University', '9506', 'Venkat desc Doctors', NULL, NULL),
(7, 2, '1996-06-12', '1998-06-12', 'Meridian pub School', '9500', 'Venu desc kindergarten', NULL, NULL),
(8, 2, '1998-06-12', '1999-06-12', 'Radiant Ele School', '9501', 'Venu desc ele', NULL, NULL),
(9, 2, '0200-06-12', '2002-06-12', 'Oakridge International school', '9502', 'Venu desc middle school', NULL, NULL),
(10, 2, '2007-01-03', '2011-03-15', 'CBIT Hyd', '9504', 'Venu B.Tech CSE', NULL, NULL),
(11, 2, '2011-04-07', '2013-05-07', 'ISB', '9505', 'Venu MBA', NULL, NULL),
(12, 2, '2011-07-13', '2013-06-09', 'Harvard University', '9506', 'Venu desc Doctors', NULL, NULL),
(13, 3, '1996-06-12', '1998-06-12', 'Meridian pub School', '9500', 'Janu desc kindergarten', NULL, NULL),
(14, 3, '1998-06-12', '1999-06-12', 'Radiant Ele School', '9501', 'Janu desc ele', NULL, NULL),
(15, 3, '0200-06-12', '2002-06-12', 'Oakridge International school', '9502', 'Janu desc middle school', NULL, NULL),
(16, 3, '2007-01-03', '2011-03-15', 'CBIT Hyd', '9504', 'Janu B.Tech CSE', NULL, NULL),
(17, 3, '2011-04-07', '2013-05-07', 'ISB', '9505', 'Janu MBA', NULL, NULL),
(18, 3, '2011-07-13', '2013-06-09', 'Harvard University', '9506', 'Janu desc Doctors', NULL, NULL),
(19, 4, '1996-06-12', '1998-06-12', 'Meridian pub School', '9500', 'Santhosh desc kindergarten', NULL, NULL),
(20, 4, '1998-06-12', '1999-06-12', 'Radiant Ele School', '9501', 'Santhosh desc ele', NULL, NULL),
(21, 4, '0200-06-12', '2002-06-12', 'Oakridge International school', '9502', 'Santhosh desc middle school', NULL, NULL),
(22, 4, '2007-01-03', '2011-03-15', 'CBIT Hyd', '9504', 'Santhosh B.Tech CSE', NULL, NULL),
(23, 4, '2011-04-07', '2013-05-07', 'ISB', '9505', 'Santhosh MBA', NULL, NULL),
(24, 4, '2011-07-13', '2013-06-09', 'Harvard University', '9506', 'Santhosh desc Doctors', NULL, NULL),
(25, 5, '1996-06-12', '1998-06-12', 'Meridian pub School', '9500', 'Abhi desc kindergarten', NULL, NULL),
(26, 5, '1998-06-12', '1999-06-12', 'Radiant Ele School', '9501', 'Abhi desc ele', NULL, NULL),
(27, 5, '0200-06-12', '2002-06-12', 'Oakridge International school', '9502', 'Abhi desc middle school', NULL, NULL),
(28, 5, '2007-01-03', '2011-03-15', 'CBIT Hyd', '9504', 'Abhi B.Tech CSE', NULL, NULL),
(29, 5, '2011-04-07', '2013-05-07', 'ISB', '9505', 'Abhi MBA', NULL, NULL),
(30, 5, '2011-07-13', '2013-06-09', 'Harvard University', '9506', 'Abhi desc Doctors', NULL, NULL),
(31, 6, '1996-06-12', '1998-06-12', 'Meridian pub School', '9500', 'Asha desc kindergarten', NULL, NULL),
(32, 6, '1998-06-12', '1999-06-12', 'Radiant Ele School', '9501', 'Asha desc ele', NULL, NULL),
(33, 6, '0200-06-12', '2002-06-12', 'Oakridge International school', '9502', 'Asha desc middle school', NULL, NULL),
(34, 6, '2007-01-03', '2011-03-15', 'CBIT Hyd', '9504', 'Asha B.Tech CSE', NULL, NULL),
(35, 6, '2011-04-07', '2013-05-07', 'ISB', '9505', 'Asha MBA', NULL, NULL),
(36, 6, '2011-07-13', '2013-06-09', 'Harvard University', '9506', 'Asha desc Doctors', NULL, NULL),
(37, 4, '2012-03-19', '2013-06-15', 'Intel Public School', '9501', 'Santhosh IPS', NULL, NULL),
(38, 4, '2000-06-28', '2007-06-28', 'ZPH', '9503', 'Santhosh ZPH', NULL, NULL),
(39, 4, '2013-06-09', '2013-09-19', 'NEC', '9504', 'Santhosh NEC', NULL, NULL),
(40, 4, '2009-06-28', '2013-06-28', 'IIPM', '9505', 'Santhosh IIPM', NULL, NULL),
(41, 4, '2013-01-15', '2013-08-22', 'MIT', '9501', 'Santhosh MIT', NULL, NULL),
(42, 4, '2011-06-28', '2013-06-28', 'IITM', '9505', 'Santhosh IITM', NULL, NULL),
(43, 4, '2006-06-28', '2008-06-28', 'Gowtham', '9503', 'Santhosh Gowtham', NULL, NULL),
(44, 4, '2013-06-16', '2013-06-28', 'IIM Ahmadabad', '9506', 'Santhosh IIM Ahmadabad', NULL, NULL),
(45, 4, '2000-06-28', '2004-06-28', 'NIT Warangal', '9504', 'Santhosh NIT Warangal', NULL, NULL),
(46, 4, '2007-06-28', '2009-06-28', 'NIT Trichi', '9506', 'Santhosh NIT Trichi', NULL, NULL),
(47, 4, '2013-01-21', '2013-11-08', 'TIME', '9599', 'Santhosh TIME', NULL, NULL),
(48, 4, '2008-06-28', '2012-06-28', 'PEC', '9504', 'Santhosh PEC', NULL, NULL),
(49, 4, '2009-06-28', '2011-06-28', 'VIT Vellore', '9505', 'Santhosh VIT Vellore ', NULL, NULL),
(50, 4, '2009-06-28', '2013-06-28', 'IIT Chennai', '9506', 'Santhosh IIT Chennai', NULL, NULL);

INSERT INTO `LIVED_AT` (`ID`, `USER_ID`, `FROM_DATE`, `FROM_TO`, `PLACE_NAME`, `ADDRESS`, `DESCRIPTION`, `CREATED_AT`, `UPDATED_AT`) VALUES
(1, 1, '2012-10-02', '2013-03-13', 'Hyderbad', 'Venkat  JubileeHills', 'desc jubilee', NULL, NULL),
(2, 1, '2010-06-25', '2012-06-25', 'Goa', 'Venkat  Panachi', 'desc Goa', NULL, NULL),
(3, 1, '2011-06-14', '2012-05-13', 'Chicago', 'Venkat  chicago', 'desc', NULL, NULL),
(4, 1, '2012-07-17', '2013-05-12', 'Aagra', 'Venkat  near by Tajmahal ', 'desc', NULL, NULL),
(5, 1, '2009-01-09', '2010-03-08', 'Shillangh', 'Venkat  meghalaya', 'Desc Shillangh', NULL, NULL),
(6, 1, '2011-06-25', '2012-01-10', 'Bangalore', 'Venkat  Ele city Bangalore', 'desc blr', NULL, NULL),
(7, 1, '1994-07-28', '1998-06-01', 'RaniGhanj', 'Venkat  RaniGhanj', 'desc', NULL, NULL),
(8, 1, '2000-03-13', '2002-04-14', 'Venice', 'Venkat  Venice', 'desc', NULL, NULL),
(9, 1, '2005-04-21', '2007-03-15', 'Guntur', 'Venkat  Guntur Andhra pradesh', 'desc', NULL, NULL),
(10, 1, '2007-07-17', '2009-07-27', 'Ravela Ap', 'Venkat  hyd', 'desc', NULL, NULL),
(11, 2, '2012-10-02', '2013-03-13', 'Hyderbad', 'Venu  JubileeHills', 'desc jubilee', NULL, NULL),
(12, 2, '2010-06-25', '2012-06-25', 'SecBad', 'Venu  SecBad', 'desc SecBad', NULL, NULL),
(13, 2, '2011-06-14', '2012-05-13', 'NYC', 'Venu  NYC', 'NYC', NULL, NULL),
(14, 2, '2012-07-17', '2013-05-12', 'Delhi', 'Venu  near by Parliament ', 'desc', NULL, NULL),
(15, 2, '2009-01-09', '2010-03-08', 'Vizag', 'Venu  Vizag', 'Desc Vizag', NULL, NULL),
(16, 2, '2011-06-25', '2012-01-10', 'Bangalore', 'Venu  Ele city Bangalore', 'desc blr', NULL, NULL),
(17, 2, '1994-07-28', '1998-06-01', 'Chennai', 'Venu  Chennai', 'desc', NULL, NULL),
(18, 2, '2000-03-13', '2002-04-14', 'Rome', 'Venu  Italy', 'desc', NULL, NULL),
(19, 2, '2005-04-21', '2007-03-15', 'Guntur', 'Venu  Guntur Andhra pradesh', 'desc', NULL, NULL),
(20, 2, '2007-07-17', '2009-07-27', 'Milano', 'Venu  Italy', 'desc', NULL, NULL),
(21, 3, '2012-10-02', '2013-03-13', 'Shamshabad', 'Janu  AP', 'desc Shamshabad', NULL, NULL),
(22, 3, '2010-06-25', '2012-06-25', 'Hyd', 'Janu  Hyd', 'desc Hyd', NULL, NULL),
(23, 3, '2011-06-14', '2012-05-13', 'NYC', 'Janu  NYC', 'NYC', NULL, NULL),
(24, 3, '2012-07-17', '2013-05-12', 'Tokyo', 'Janu Japan', 'desc', NULL, NULL),
(25, 3, '2009-01-09', '2010-03-08', 'Rio', 'Janu  Brazil', 'Desc Brazil', NULL, NULL),
(26, 3, '2011-06-25', '2012-01-10', 'London', 'Janu London', 'desc London', NULL, NULL),
(27, 3, '1994-07-28', '1998-06-01', 'Chennai', 'Janu  Chennai', 'desc', NULL, NULL),
(28, 3, '2000-03-13', '2002-04-14', 'Rome', 'Janu  Italy', 'desc', NULL, NULL),
(29, 3, '2005-04-21', '2007-03-15', 'Washington D.C.', 'Janu WDC', 'desc', NULL, NULL),
(30, 3, '2007-07-17', '2009-07-27', 'Milano', 'Janu  Italy', 'desc', NULL, NULL),
(31, 4, '2012-10-02', '2013-03-13', 'Hyderbad', 'Santhosh  JubileeHills', 'desc jubilee', NULL, NULL),
(32, 4, '2010-06-25', '2012-06-25', 'Goa', 'Santhosh  Panachi', 'desc Goa', NULL, NULL),
(33, 4, '2011-06-14', '2012-05-13', 'Chicago', 'Santhosh  chicago', 'desc', NULL, NULL),
(34, 4, '2012-07-17', '2013-05-12', 'Aagra', 'Santhosh  near by Tajmahal ', 'desc', NULL, NULL),
(35, 4, '2009-01-09', '2010-03-08', 'Shillangh', 'Santhosh  meghalaya', 'Desc Shillangh', NULL, NULL),
(36, 4, '2011-06-25', '2012-01-10', 'Bangalore', 'Santhosh  Ele city Bangalore', 'desc blr', NULL, NULL),
(37, 4, '1994-07-28', '1998-06-01', 'RaniGhanj', 'Santhosh  RaniGhanj', 'desc', NULL, NULL),
(38, 4, '2000-03-13', '2002-04-14', 'Venice', 'Santhosh  Venice', 'desc', NULL, NULL),
(39, 4, '2005-04-21', '2007-03-15', 'Guntur', 'Santhosh  Guntur Andhra pradesh', 'desc', NULL, NULL),
(40, 4, '2007-07-17', '2009-07-27', 'Ravela Ap', 'Santhosh  hyd', 'desc', NULL, NULL),
(41, 5, '2012-10-02', '2013-03-13', 'Hyderbad', 'Abhi  JubileeHills', 'desc jubilee', NULL, NULL),
(42, 5, '2010-06-25', '2012-06-25', 'SecBad', 'Abhi  SecBad', 'desc SecBad', NULL, NULL),
(43, 5, '2011-06-14', '2012-05-13', 'NYC', 'Abhi  NYC', 'NYC', NULL, NULL),
(44, 5, '2012-07-17', '2013-05-12', 'Delhi', 'Abhi  near by Parliament ', 'desc', NULL, NULL),
(45, 5, '2009-01-09', '2010-03-08', 'Vizag', 'Abhi  Vizag', 'Desc Vizag', NULL, NULL),
(46, 5, '2011-06-25', '2012-01-10', 'Bangalore', 'Abhi  Ele city Bangalore', 'desc blr', NULL, NULL),
(47, 5, '1994-07-28', '1998-06-01', 'Chennai', 'Abhi  Chennai', 'desc', NULL, NULL),
(48, 5, '2000-03-13', '2002-04-14', 'Rome', 'Abhi  Italy', 'desc', NULL, NULL),
(49, 5, '2005-04-21', '2007-03-15', 'Guntur', 'Abhi  Guntur Andhra pradesh', 'desc', NULL, NULL),
(50, 5, '2007-07-17', '2009-07-27', 'Milano', 'Abhi  Italy', 'desc', NULL, NULL),
(51, 6, '2012-10-02', '2013-03-13', 'Shamshabad', 'Asha  AP', 'desc Shamshabad', NULL, NULL),
(52, 6, '2010-06-25', '2012-06-25', 'Hyd', 'Asha  Hyd', 'desc Hyd', NULL, NULL),
(53, 6, '2011-06-14', '2012-05-13', 'NYC', 'Asha  NYC', 'NYC', NULL, NULL),
(54, 6, '2012-07-17', '2013-05-12', 'Tokyo', 'Asha Japan', 'desc', NULL, NULL),
(55, 6, '2009-01-09', '2010-03-08', 'Rio', 'Asha  Brazil', 'Desc Brazil', NULL, NULL),
(56, 6, '2011-06-25', '2012-01-10', 'London', 'Asha London', 'desc London', NULL, NULL),
(57, 6, '1994-07-28', '1998-06-01', 'Chennai', 'Asha  Chennai', 'desc', NULL, NULL),
(58, 6, '2000-03-13', '2002-04-14', 'Rome', 'Asha  Italy', 'desc', NULL, NULL),
(59, 6, '2005-04-21', '2007-03-15', 'Washington D.C.', 'Asha WDC', 'desc', NULL, NULL),
(60, 6, '2007-07-17', '2009-07-27', 'Milano', 'Asha  Italy', 'desc', NULL, NULL),
(61, 4, '2013-06-28', '2013-06-28', 'Bangalore', 'Santhosh Karnataka', 'Santhosh Industrial Tour', NULL, NULL),
(62, 4, '2013-06-03', '2013-06-12', 'Chennai', 'Santhosh Tamilnadu', 'Beach', NULL, NULL),
(63, 4, '2013-06-04', '2013-07-17', 'Kotappa Konda', 'Santhosh Guntur', 'Santhosh ', NULL, NULL),
(64, 4, '2013-06-04', '2013-06-22', 'Warangal', 'Santhosh Warangal', 'warangal', NULL, NULL),
(65, 4, '2013-06-02', '2013-06-12', 'Goa', 'Santhosh Goa', 'Goa', NULL, NULL),
(66, 4, '2013-05-07', '2013-06-28', 'Hightech city', 'Santhosh Hightech City', 'Hyderabad', NULL, NULL),
(67, 4, '2013-06-16', '2013-06-22', 'Australia', 'Santhosh Sydney', 'Sydney', NULL, NULL),
(68, 4, '2013-06-10', '2013-06-14', 'China Wall', 'Santhosh China', 'China', NULL, NULL),
(69, 4, '2013-06-28', '2013-06-29', ' Egypt', 'Santhosh Egypt', 'Pyramid', NULL, NULL),
(70, 4, '2013-06-09', '2013-06-28', 'Somalia', 'Santhosh Africa', 'Africa', NULL, NULL);


INSERT INTO `JOURNAL` (`ID`, `USER_ID`, `JOURNAL_DATE`, `SUMMARY`, `DESCRIPTION`, `CREATED_AT`, `UPDATED_AT`) VALUES
(1, 1, '2013-06-20', 'Venkat  summary1', 'Venkat  note1', NULL, NULL),
(2, 1, '2013-06-19', 'Venkat  summary2', 'Venkat  note2', NULL, NULL),
(3, 1, '2013-06-18', 'Venkat  summary3', 'Venkat  note3', NULL, NULL),
(4, 1, '2013-06-17', 'Venkat  summary4', 'Venkat  note4', NULL, NULL),
(5, 1, '2013-06-16', 'Venkat  summary5', 'Venkat  note5', NULL, NULL),
(6, 1, '2013-06-15', 'Venkat  summary6', 'Venkat  note 6', NULL, NULL),
(7, 1, '2013-06-14', 'Venkat  summary7', 'Venkat  note7', NULL, NULL),
(8, 1, '2013-06-13', 'Venkat  summary 8', 'Venkat  note8', NULL, NULL),
(9, 1, '2013-06-12', 'Venkat  summary 9', 'Venkat  note9', NULL, NULL),
(10, 1, '2013-06-11', 'Venkat  summary 10', 'Venkat  note10', NULL, NULL),
(11, 1, '2013-06-10', 'Venkat  summary 11', 'Venkat  note11', NULL, NULL),
(12, 1, '2013-06-09', 'Venkat  summary 12', 'Venkat  note12', NULL, NULL),
(13, 1, '2013-06-08', 'Venkat  summary 13', 'Venkat  note 13', NULL, NULL),
(14, 1, '2013-06-07', 'Venkat  summary 14', 'Venkat  note 14', NULL, NULL),
(15, 1, '2013-06-06', 'Venkat  summary 15', 'Venkat  note 15', NULL, NULL),
(16, 1, '2013-06-05', 'Venkat  summary 16', 'Venkat  note 16', NULL, NULL),
(17, 1, '2013-06-04', 'Venkat  summary 17', 'Venkat  note 17', NULL, NULL),
(18, 1, '2013-06-03', 'Venkat  summary 18', 'Venkat  note 18', NULL, NULL),
(19, 1, '2013-06-02', 'Venkat  summary 19', 'Venkat  note 19', NULL, NULL),
(20, 1, '2013-06-01', 'Venkat  summary 20', 'Venkat  note 20', NULL, NULL),
(21, 2, '2013-06-20', 'Venu summary1', 'Venu  note1', NULL, NULL),
(22, 2, '2013-06-19', 'Venu  summary2', 'Venu  note2', NULL, NULL),
(23, 2, '2013-06-18', 'Venu  summary3', 'Venu  note3', NULL, NULL),
(24, 2, '2013-06-17', 'Venu  summary4', 'Venu  note4', NULL, NULL),
(25, 2, '2013-06-16', 'Venu  summary5', 'Venu  note5', NULL, NULL),
(26, 2, '2013-06-15', 'Venu  summary6', 'Venu  note 6', NULL, NULL),
(27, 2, '2013-06-14', 'Venu  summary7', 'Venu  note7', NULL, NULL),
(28, 2, '2013-06-13', 'Venu  summary 8', 'Venu  note8', NULL, NULL),
(29, 2, '2013-06-12', 'Venu  summary 9', 'Venu  note9', NULL, NULL),
(30, 2, '2013-06-11', 'Venu  summary 10', 'Venu  note10', NULL, NULL),
(31, 2, '2013-06-10', 'Venu  summary 11', 'Venu  note11', NULL, NULL),
(32, 2, '2013-06-09', 'Venu  summary 12', 'Venu  note12', NULL, NULL),
(33, 2, '2013-06-08', 'Venu  summary 13', 'Venu  note 13', NULL, NULL),
(34, 2, '2013-06-07', 'Venu  summary 14', 'Venu  note 14', NULL, NULL),
(35, 2, '2013-06-06', 'Venu  summary 15', 'Venu  note 15', NULL, NULL),
(36, 2, '2013-06-05', 'Venu  summary 16', 'Venu  note 16', NULL, NULL),
(37, 2, '2013-06-04', 'Venu  summary 17', 'Venu  note 17', NULL, NULL),
(38, 2, '2013-06-03', 'Venu  summary 18', 'Venu  note 18', NULL, NULL),
(39, 2, '2013-06-02', 'Venu  summary 19', 'Venu  note 19', NULL, NULL),
(40, 2, '2013-06-01', 'Venu  summary 20', 'Venu  note 20', NULL, NULL),
(41, 3, '2013-06-20', 'Janu summary1', 'Janu  note1', NULL, NULL),
(42, 3, '2013-06-19', 'Janu  summary2', 'Janu  note2', NULL, NULL),
(43, 3, '2013-06-18', 'Janu  summary3', 'Janu  note3', NULL, NULL),
(44, 3, '2013-06-17', 'Janu  summary4', 'Janu  note4', NULL, NULL),
(45, 3, '2013-06-16', 'Janu  summary5', 'Janu  note5', NULL, NULL),
(46, 3, '2013-06-15', 'Janu  summary6', 'Janu  note 6', NULL, NULL),
(47, 3, '2013-06-14', 'Janu  summary7', 'Janu  note7', NULL, NULL),
(48, 3, '2013-06-13', 'Janu  summary 8', 'Janu  note8', NULL, NULL),
(49, 3, '2013-06-12', 'Janu  summary 9', 'Janu  note9', NULL, NULL),
(50, 3, '2013-06-11', 'Janu  summary 10', 'Janu  note10', NULL, NULL),
(51, 3, '2013-06-10', 'Janu  summary 11', 'Janu  note11', NULL, NULL),
(52, 3, '2013-06-09', 'Janu  summary 12', 'Janu  note12', NULL, NULL),
(53, 3, '2013-06-08', 'Janu  summary 13', 'Janu  note 13', NULL, NULL),
(54, 3, '2013-06-07', 'Janu  summary 14', 'Janu  note 14', NULL, NULL),
(55, 3, '2013-06-06', 'Janu  summary 15', 'Janu  note 15', NULL, NULL),
(56, 3, '2013-06-05', 'Janu  summary 16', 'Janu  note 16', NULL, NULL),
(57, 3, '2013-06-04', 'Janu  summary 17', 'Janu  note 17', NULL, NULL),
(58, 3, '2013-06-03', 'Janu  summary 18', 'Janu  note 18', NULL, NULL),
(59, 3, '2013-06-02', 'Janu  summary 19', 'Janu  note 19', NULL, NULL),
(60, 3, '2013-06-01', 'Janu  summary 20', 'Janu  note 20', NULL, NULL),
(61, 4, '2013-06-20', 'Santhosh  summary1', 'Santhosh  note1', NULL, NULL),
(62, 4, '2013-06-19', 'Santhosh  summary2', 'Santhosh  note2', NULL, NULL),
(63, 4, '2013-06-18', 'Santhosh  summary3', 'Santhosh  note3', NULL, NULL),
(64, 4, '2013-06-17', 'Santhosh  summary4', 'Santhosh  note4', NULL, NULL),
(65, 4, '2013-06-16', 'Santhosh  summary5', 'Santhosh  note5', NULL, NULL),
(66, 4, '2013-06-15', 'Santhosh  summary6', 'Santhosh  note 6', NULL, NULL),
(67, 4, '2013-06-14', 'Santhosh  summary7', 'Santhosh  note7', NULL, NULL),
(68, 4, '2013-06-13', 'Santhosh  summary 8', 'Santhosh  note8', NULL, NULL),
(69, 4, '2013-06-12', 'Santhosh  summary 9', 'Santhosh  note9', NULL, NULL),
(70, 4, '2013-06-11', 'Santhosh  summary 10', 'Santhosh  note10', NULL, NULL),
(71, 4, '2013-06-10', 'Santhosh  summary 11', 'Santhosh  note11', NULL, NULL),
(72, 4, '2013-06-09', 'Santhosh  summary 12', 'Santhosh  note12', NULL, NULL),
(73, 4, '2013-06-08', 'Santhosh  summary 13', 'Santhosh  note 13', NULL, NULL),
(74, 4, '2013-06-07', 'Santhosh  summary 14', 'Santhosh  note 14', NULL, NULL),
(75, 4, '2013-06-06', 'Santhosh  summary 15', 'Santhosh  note 15', NULL, NULL),
(76, 4, '2013-06-05', 'Santhosh  summary 16', 'Santhosh  note 16', NULL, NULL),
(77, 4, '2013-06-04', 'Santhosh  summary 17', 'Santhosh  note 17', NULL, NULL),
(78, 4, '2013-06-03', 'Santhosh  summary 18', 'Santhosh  note 18', NULL, NULL),
(79, 4, '2013-06-02', 'Santhosh  summary 19', 'Santhosh  note 19', NULL, NULL),
(80, 4, '2013-06-01', 'Santhosh  summary 20', 'Santhosh  note 20', NULL, NULL),
(81, 5, '2013-06-20', 'Abhi summary1', 'Abhi  note1', NULL, NULL),
(82, 5, '2013-06-19', 'Abhi  summary2', 'Abhi  note2', NULL, NULL),
(83, 5, '2013-06-18', 'Abhi  summary3', 'Abhi  note3', NULL, NULL),
(84, 5, '2013-06-17', 'Abhi  summary4', 'Abhi  note4', NULL, NULL),
(85, 5, '2013-06-16', 'Abhi  summary5', 'Abhi  note5', NULL, NULL),
(86, 5, '2013-06-15', 'Abhi  summary6', 'Abhi  note 6', NULL, NULL),
(87, 5, '2013-06-14', 'Abhi  summary7', 'Abhi  note7', NULL, NULL),
(88, 5, '2013-06-13', 'Abhi  summary 8', 'Abhi  note8', NULL, NULL),
(89, 5, '2013-06-12', 'Abhi  summary 9', 'Abhi  note9', NULL, NULL),
(90, 5, '2013-06-11', 'Abhi  summary 10', 'Abhi  note10', NULL, NULL),
(91, 5, '2013-06-10', 'Abhi  summary 11', 'Abhi  note11', NULL, NULL),
(92, 5, '2013-06-09', 'Abhi  summary 12', 'Abhi  note12', NULL, NULL),
(93, 5, '2013-06-08', 'Abhi  summary 13', 'Abhi  note 13', NULL, NULL),
(94, 5, '2013-06-07', 'Abhi  summary 14', 'Abhi  note 14', NULL, NULL),
(95, 5, '2013-06-06', 'Abhi  summary 15', 'Abhi  note 15', NULL, NULL),
(96, 5, '2013-06-05', 'Abhi  summary 16', 'Abhi  note 16', NULL, NULL),
(97, 5, '2013-06-04', 'Abhi  summary 17', 'Abhi  note 17', NULL, NULL),
(98, 5, '2013-06-03', 'Abhi  summary 18', 'Abhi  note 18', NULL, NULL),
(99, 5, '2013-06-02', 'Abhi  summary 19', 'Abhi  note 19', NULL, NULL),
(100, 5, '2013-06-01', 'Abhi  summary 20', 'Abhi  note 20', NULL, NULL),
(101, 6, '2013-06-20', 'Asha summary1', 'Asha  note1', NULL, NULL),
(102, 6, '2013-06-19', 'Asha  summary2', 'Asha  note2', NULL, NULL),
(103, 6, '2013-06-18', 'Asha  summary3', 'Asha  note3', NULL, NULL),
(104, 6, '2013-06-17', 'Asha  summary4', 'Asha  note4', NULL, NULL),
(105, 6, '2013-06-16', 'Asha  summary5', 'Asha  note5', NULL, NULL),
(106, 6, '2013-06-15', 'Asha  summary6', 'Asha  note 6', NULL, NULL),
(107, 6, '2013-06-14', 'Asha  summary7', 'Asha  note7', NULL, NULL),
(108, 6, '2013-06-13', 'Asha  summary 8', 'Asha  note8', NULL, NULL),
(109, 6, '2013-06-12', 'Asha  summary 9', 'Asha  note9', NULL, NULL),
(110, 6, '2013-06-11', 'Asha  summary 10', 'Asha  note10', NULL, NULL),
(111, 6, '2013-06-10', 'Asha  summary 11', 'Asha  note11', NULL, NULL),
(112, 6, '2013-06-09', 'Asha  summary 12', 'Asha  note12', NULL, NULL),
(113, 6, '2013-06-08', 'Asha  summary 13', 'Asha  note 13', NULL, NULL),
(114, 6, '2013-06-07', 'Asha  summary 14', 'Asha  note 14', NULL, NULL),
(115, 6, '2013-06-06', 'Asha  summary 15', 'Asha  note 15', NULL, NULL),
(116, 6, '2013-06-05', 'Asha  summary 16', 'Asha  note 16', NULL, NULL),
(117, 6, '2013-06-04', 'Asha  summary 17', 'Asha  note 17', NULL, NULL),
(118, 6, '2013-06-03', 'Asha  summary 18', 'Asha  note 18', NULL, NULL),
(119, 6, '2013-06-02', 'Asha  summary 19', 'Asha  note 19', NULL, NULL),
(120, 6, '2013-06-01', 'Asha  summary 20', 'Asha  note 20', NULL, NULL);

INSERT INTO `MONITOR_DATA` (`ID`, `USER_ID`, `MONITOR_DATE`, `DATA_DESCRIPTION`, `VALUE`, `MONITOR_DATA_TYPE_CD`, `CREATED_AT`, `UPDATED_AT`) VALUES
(1, 1, '2013-06-25', 'Venkat mics1', 80, 2001, NULL, NULL),
(2, 1, '2013-05-24', 'Venkat mics2', 78, 2001, NULL, NULL),
(3, 1, '2013-04-20', 'Venkat mics3', 82, 2001, NULL, NULL),
(4, 1, '2013-03-18', 'Venkat mics4', 85, 2001, NULL, NULL),
(5, 1, '2013-02-20', 'Venkat mics5', 87, 2001, NULL, NULL),
(6, 1, '2013-01-25', 'Venkat mics6', 76, 2001, NULL, NULL),
(7, 1, '2012-12-26', 'Venkat mics7', 80, 2001, NULL, NULL),
(8, 1, '2012-11-12', 'Venkat mics8', 87, 2001, NULL, NULL),
(9, 1, '2012-10-24', 'Venkat mics9', 79, 2001, NULL, NULL),
(10, 1, '2012-09-17', 'Venkat mics10', 90, 2001, NULL, NULL),
(11, 1, '2013-06-24', 'Venkat mics11', 85, 2002, NULL, NULL),
(12, 1, '2013-06-04', 'Venkat mics12', 110, 2002, NULL, NULL),
(13, 1, '2013-05-17', 'Venkat mics13', 125, 2002, NULL, NULL),
(14, 1, '2013-04-20', 'Venkat mics14', 94, 2002, NULL, NULL),
(15, 1, '2013-03-19', 'Venkat mics15', 100, 2002, NULL, NULL),
(16, 1, '2013-02-16', 'Venkat mics16', 88, 2002, NULL, NULL),
(17, 1, '2013-01-12', 'Venkat mics17', 128, 2002, NULL, NULL),
(18, 1, '2012-12-11', 'Venkat mics18', 80, 2002, NULL, NULL),
(19, 1, '2012-11-14', 'Venkat mics19', 132, 2002, NULL, NULL),
(20, 1, '2012-10-17', 'Venkat mics20', 116, 2002, NULL, NULL),
(21, 1, '2013-06-24', 'Venkat mics21', 72, 2003, NULL, NULL),
(22, 1, '2013-05-16', 'Venkat mics22', 88, 2003, NULL, NULL),
(23, 1, '2013-04-13', 'Venkat mics23', 76, 2003, NULL, NULL),
(24, 1, '2013-03-14', 'Venkat mics24', 80, 2003, NULL, NULL),
(25, 1, '2013-02-16', 'Venkat mics25', 78, 2003, NULL, NULL),
(26, 1, '2013-01-17', 'Venkat mics26', 68, 2003, NULL, NULL),
(27, 1, '2012-12-10', 'Venkat mics27', 77, 2003, NULL, NULL),
(28, 1, '2012-11-07', 'Venkat mics28', 82, 2003, NULL, NULL),
(29, 1, '2012-10-27', 'Venkat mics29', 80, 2003, NULL, NULL),
(30, 1, '2012-09-14', 'Venkat mics30', 74, 2003, NULL, NULL),
(31, 1, '2013-06-19', 'Venkat mics31', 200, 2201, NULL, NULL),
(32, 1, '2013-05-17', 'Venkat mics32', 400, 2201, NULL, NULL),
(33, 1, '2013-04-14', 'Venkat mics33', 350, 2201, NULL, NULL),
(34, 1, '2013-03-17', 'Venkat mics34', 600, 2201, NULL, NULL),
(35, 1, '2013-02-13', 'Venkat mics35', 800, 2201, NULL, NULL),
(36, 1, '2013-01-10', 'Venkat mics36', 400, 2201, NULL, NULL),
(37, 1, '2012-12-22', 'Venkat mics37', 550, 2201, NULL, NULL),
(38, 1, '2012-11-20', 'Venkat mics38', 600, 2201, NULL, NULL),
(39, 1, '2012-10-16', 'Venkat mics39', 250, 2201, NULL, NULL),
(40, 1, '2012-09-18', 'Venkat mics40', 750, 2201, NULL, NULL),
(41, 1, '2013-06-19', 'Venkat mics41', 300, 2202, NULL, NULL),
(42, 1, '2013-05-14', 'Venkat mics42', 600, 2202, NULL, NULL),
(43, 1, '2013-04-15', 'Venkat mics43', 700, 2202, NULL, NULL),
(44, 1, '2013-03-21', 'Venkat mics44', 250, 2202, NULL, NULL),
(45, 1, '2013-02-12', 'Venkat mics45', 1000, 2202, NULL, NULL),
(46, 1, '2013-01-22', 'Venkat mics46', 400, 2202, NULL, NULL),
(47, 1, '2012-12-24', 'Venkat mics47', 520, 2202, NULL, NULL),
(48, 1, '2012-11-18', 'Venkat mics48', 800, 2202, NULL, NULL),
(49, 1, '2012-10-14', 'Venkat mics49', 280, 2202, NULL, NULL),
(50, 1, '2012-09-10', 'Venkat mics50', 400, 2202, NULL, NULL),
(51, 1, '2013-06-19', 'Venkat mics51', 1200, 2203, NULL, NULL),
(52, 1, '2013-05-16', 'Venkat mics52', 4000, 2203, NULL, NULL),
(53, 1, '2013-04-14', 'Venkat mics53', 2200, 2203, NULL, NULL),
(54, 1, '2013-03-24', ' Venkat mics54', 6000, 2203, NULL, NULL),
(55, 1, '2013-02-12', 'Venkat mics55', 4700, 2203, NULL, NULL),
(56, 1, '2013-01-20', 'Venkat mics56', 3200, 2203, NULL, NULL),
(57, 1, '2012-12-11', 'Venkat mics57', 2000, 2203, NULL, NULL),
(58, 1, '2012-11-21', 'Venkat mics58', 8200, 2203, NULL, NULL),
(59, 1, '2012-10-26', 'Venkat mics59', 4800, 2203, NULL, NULL),
(60, 1, '2012-09-30', 'Venkat mics60', 7000, 2203, NULL, NULL),
(61, 1, '2013-06-19', 'Venkat mics61', 180, 2006, NULL, NULL),
(62, 1, '2013-05-16', 'Venkat mics62', 184, 2006, NULL, NULL),
(63, 1, '2013-04-14', 'Venkat mics63', 186, 2006, NULL, NULL),
(64, 1, '2013-03-24', 'Venkat mics64', 188, 2006, NULL, NULL),
(65, 1, '2013-02-12', 'Venkat mics65', 190, 2006, NULL, NULL),
(66, 1, '2013-01-20', 'Venkat mics66', 195, 2006, NULL, NULL),
(67, 1, '2012-12-11', 'Venkat mics67', 192, 2006, NULL, NULL),
(68, 1, '2012-11-21', 'Venkat mics68', 198, 2006, NULL, NULL),
(69, 1, '2012-10-26', 'Venkat mics69', 200, 2006, NULL, NULL),
(70, 1, '2012-09-30', 'Venkat mics70', 220, 2006, NULL, NULL),
(71, 2, '2013-06-25', 'Venu mics1', 82, 2001, NULL, NULL),
(72, 2, '2013-05-24', 'Venu mics2', 80, 2001, NULL, NULL),
(73, 2, '2013-04-20', 'Venu mics3', 84, 2001, NULL, NULL),
(74, 2, '2013-03-18', 'Venu mics4', 85, 2001, NULL, NULL),
(75, 2, '2013-02-20', 'Venu mics5', 88, 2001, NULL, NULL),
(76, 2, '2013-01-25', 'Venu mics6', 74, 2001, NULL, NULL),
(77, 2, '2012-12-26', 'Venu mics7', 82, 2001, NULL, NULL),
(78, 2, '2012-11-12', 'Venu mics8', 87, 2001, NULL, NULL),
(79, 2, '2012-10-24', 'Venu mics9', 73, 2001, NULL, NULL),
(80, 2, '2012-09-17', 'Venu mics10', 92, 2001, NULL, NULL),
(81, 2, '2013-06-24', 'Venu mics11', 88, 2002, NULL, NULL),
(82, 2, '2013-06-04', 'Venu mics12', 116, 2002, NULL, NULL),
(83, 2, '2013-05-17', 'Venu mics13', 115, 2002, NULL, NULL),
(84, 2, '2013-04-20', 'Venu mics14', 99, 2002, NULL, NULL),
(85, 2, '2013-03-19', 'Venu mics15', 110, 2002, NULL, NULL),
(86, 2, '2013-02-16', 'Venu mics16', 82, 2002, NULL, NULL),
(87, 2, '2013-01-12', 'Venu mics17', 118, 2002, NULL, NULL),
(88, 2, '2012-12-11', 'Venu mics18', 90, 2002, NULL, NULL),
(89, 2, '2012-11-14', 'Venu mics19', 22, 2002, NULL, NULL),
(90, 2, '2012-10-17', 'Venu mics20', 126, 2002, NULL, NULL),
(91, 2, '2013-06-24', 'Venu mics21', 74, 2003, NULL, NULL),
(92, 2, '2013-05-16', 'Venu mics22', 90, 2003, NULL, NULL),
(93, 2, '2013-04-13', 'Venu mics23', 72, 2003, NULL, NULL),
(94, 2, '2013-03-14', 'Venu mics24', 70, 2003, NULL, NULL),
(95, 2, '2013-02-16', 'Venu mics25', 74, 2003, NULL, NULL),
(96, 2, '2013-01-17', 'Venu mics26', 69, 2003, NULL, NULL),
(97, 2, '2012-12-10', 'Venu mics27', 78, 2003, NULL, NULL),
(98, 2, '2012-11-07', 'Venu mics28', 84, 2003, NULL, NULL),
(99, 2, '2012-10-27', 'Venu mics29', 76, 2003, NULL, NULL),
(100, 2, '2012-09-14', 'Venu mics30', 74, 2003, NULL, NULL),
(101, 2, '2013-06-19', 'Venu mics31', 230, 2201, NULL, NULL),
(102, 2, '2013-05-17', 'Venu mics32', 330, 2201, NULL, NULL),
(103, 2, '2013-04-14', 'Venu mics33', 450, 2201, NULL, NULL),
(104, 2, '2013-03-17', 'Venu mics34', 630, 2201, NULL, NULL),
(105, 2, '2013-02-13', 'Venu mics35', 400, 2201, NULL, NULL),
(106, 2, '2013-01-10', 'Venu mics36', 800, 2201, NULL, NULL),
(107, 2, '2012-12-22', 'Venu mics37', 250, 2201, NULL, NULL),
(108, 2, '2012-11-20', 'Venu mics38', 800, 2201, NULL, NULL),
(109, 2, '2012-10-16', 'Venu mics39', 450, 2201, NULL, NULL),
(110, 2, '2012-09-18', 'Venu mics40', 700, 2201, NULL, NULL),
(111, 2, '2013-06-19', 'Venu mics41', 300, 2202, NULL, NULL),
(112, 2, '2013-05-14', 'Venu mics42', 400, 2202, NULL, NULL),
(113, 2, '2013-04-15', 'Venu mics43', 800, 2202, NULL, NULL),
(114, 2, '2013-03-21', 'Venu mics44', 420, 2202, NULL, NULL),
(115, 2, '2013-02-12', 'Venu mics45', 600, 2202, NULL, NULL),
(116, 2, '2013-01-22', 'Venu mics46', 800, 2202, NULL, NULL),
(117, 2, '2012-12-24', 'Venu mics47', 420, 2202, NULL, NULL),
(118, 2, '2012-11-18', 'Venu mics48', 490, 2202, NULL, NULL),
(119, 2, '2012-10-14', 'Venu mics49', 840, 2202, NULL, NULL),
(120, 2, '2012-09-10', 'Venu mics50', 400, 2202, NULL, NULL),
(121, 2, '2013-06-19', 'Venu mics51', 1800, 2203, NULL, NULL),
(122, 2, '2013-05-16', 'Venu mics52', 5000, 2203, NULL, NULL),
(123, 2, '2013-04-14', 'Venu mics53', 2800, 2203, NULL, NULL),
(124, 2, '2013-03-24', 'Venu mics54', 4000, 2203, NULL, NULL),
(125, 2, '2013-02-12', 'Venu mics55', 6700, 2203, NULL, NULL),
(126, 2, '2013-01-20', 'Venu mics56', 3800, 2203, NULL, NULL),
(127, 2, '2012-12-11', 'Venu mics57', 1000, 2203, NULL, NULL),
(128, 2, '2012-11-21', 'Venu mics58', 8800, 2203, NULL, NULL),
(129, 2, '2012-10-26', 'Venu mics59', 5000, 2203, NULL, NULL),
(130, 2, '2012-09-30', 'Venu mics60', 6000, 2203, NULL, NULL),
(131, 2, '2013-06-19', 'Venu mics61', 180, 2006, NULL, NULL),
(132, 2, '2013-05-16', 'Venu mics62', 184, 2006, NULL, NULL),
(133, 2, '2013-04-14', 'Venu mics63', 186, 2006, NULL, NULL),
(134, 2, '2013-03-24', 'Venu mics64', 188, 2006, NULL, NULL),
(135, 2, '2013-02-12', 'Venu mics65', 190, 2006, NULL, NULL),
(136, 2, '2013-01-20', 'Venu mics66', 195, 2006, NULL, NULL),
(137, 2, '2012-12-11', 'Venu mics67', 192, 2006, NULL, NULL),
(138, 2, '2012-11-21', 'Venu mics68', 198, 2006, NULL, NULL),
(139, 2, '2012-10-26', 'Venu mics69', 200, 2006, NULL, NULL),
(140, 2, '2012-09-30', 'Venu mics70', 220, 2006, NULL, NULL),
(141, 3, '2013-06-25', 'Janu mics1', 72, 2001, NULL, NULL),
(142, 3, '2013-05-24', 'Janu mics2', 83, 2001, NULL, NULL),
(143, 3, '2013-04-20', 'Janu mics3', 84, 2001, NULL, NULL),
(144, 3, '2013-03-18', 'Janu mics4', 88, 2001, NULL, NULL),
(145, 3, '2013-02-20', 'Janu mics5', 88, 2001, NULL, NULL),
(146, 3, '2013-01-25', 'Janu mics6', 84, 2001, NULL, NULL),
(147, 3, '2012-12-26', 'Janu mics7', 74, 2001, NULL, NULL),
(148, 3, '2012-11-12', 'Janu mics8', 87, 2001, NULL, NULL),
(149, 3, '2012-10-24', 'Janu mics9', 793, 2001, NULL, NULL),
(150, 3, '2012-09-17', 'Janu mics10', 72, 2001, NULL, NULL),
(151, 3, '2013-06-24', 'Janu mics11', 81, 2002, NULL, NULL),
(152, 3, '2013-06-04', 'Janu mics12', 126, 2002, NULL, NULL),
(153, 3, '2013-05-17', 'Janu mics13', 116, 2002, NULL, NULL),
(154, 3, '2013-04-20', 'Janu mics14', 92, 2002, NULL, NULL),
(155, 3, '2013-03-19', 'Janu mics15', 120, 2002, NULL, NULL),
(156, 3, '2013-02-16', 'Janu mics16', 88, 2002, NULL, NULL),
(157, 3, '2013-01-12', 'Janu mics17', 128, 2002, NULL, NULL),
(158, 3, '2012-12-11', 'Janu mics18', 92, 2002, NULL, NULL),
(159, 3, '2012-11-14', 'Janu mics19', 28, 2002, NULL, NULL),
(160, 3, '2012-10-17', 'Janu mics20', 116, 2002, NULL, NULL),
(161, 3, '2013-06-24', 'Janu mics21', 84, 2003, NULL, NULL),
(162, 3, '2013-05-16', 'Janu mics22', 92, 2003, NULL, NULL),
(163, 3, '2013-04-13', 'Janu mics23', 74, 2003, NULL, NULL),
(164, 3, '2013-03-14', 'Janu mics24', 72, 2003, NULL, NULL),
(165, 3, '2013-02-16', 'Janu mics25', 76, 2003, NULL, NULL),
(166, 3, '2013-01-17', 'Janu mics26', 66, 2003, NULL, NULL),
(167, 3, '2012-12-10', 'Janu mics27', 79, 2003, NULL, NULL),
(168, 3, '2012-11-07', 'Janu mics28', 85, 2003, NULL, NULL),
(169, 3, '2012-10-27', 'Janu mics29', 78, 2003, NULL, NULL),
(170, 3, '2012-09-14', 'Janu mics30', 72, 2003, NULL, NULL),
(171, 3, '2013-06-19', 'Janu mics31', 240, 2201, NULL, NULL),
(172, 3, '2013-05-17', 'Janu mics32', 330, 2201, NULL, NULL),
(173, 3, '2013-04-14', 'Janu mics33', 460, 2201, NULL, NULL),
(174, 3, '2013-03-17', 'Janu mics34', 630, 2201, NULL, NULL),
(175, 3, '2013-02-13', 'Janu mics35', 420, 2201, NULL, NULL),
(176, 3, '2013-01-10', 'Janu mics36', 800, 2201, NULL, NULL),
(177, 3, '2012-12-22', 'Janu mics37', 350, 2201, NULL, NULL),
(178, 3, '2012-11-20', 'Janu mics38', 840, 2201, NULL, NULL),
(179, 3, '2012-10-16', 'Janu mics39', 650, 2201, NULL, NULL),
(180, 3, '2012-09-18', 'Janu mics40', 500, 2201, NULL, NULL),
(181, 3, '2013-06-19', 'Janu mics41', 700, 2202, NULL, NULL),
(182, 3, '2013-05-14', 'Janu mics42', 300, 2202, NULL, NULL),
(183, 3, '2013-04-15', 'Janu mics43', 880, 2202, NULL, NULL),
(184, 3, '2013-03-21', 'Janu mics44', 440, 2202, NULL, NULL),
(185, 3, '2013-02-12', 'Janu mics45', 400, 2202, NULL, NULL),
(186, 3, '2013-01-22', 'Janu mics46', 900, 2202, NULL, NULL),
(187, 3, '2012-12-24', 'Janu mics47', 410, 2202, NULL, NULL),
(188, 3, '2012-11-18', 'Janu mics48', 400, 2202, NULL, NULL),
(189, 3, '2012-10-14', 'Janu mics49', 800, 2202, NULL, NULL),
(190, 3, '2012-09-10', 'Janu mics50', 600, 2202, NULL, NULL),
(191, 3, '2013-06-19', 'Janu mics51', 2000, 2203, NULL, NULL),
(192, 3, '2013-05-16', 'Janu mics52', 4000, 2203, NULL, NULL),
(193, 3, '2013-04-14', 'Janu mics53', 2800, 2203, NULL, NULL),
(194, 3, '2013-03-24', 'Janu mics54', 6400, 2203, NULL, NULL),
(195, 3, '2013-02-12', 'Janu mics55', 4200, 2203, NULL, NULL),
(196, 3, '2013-01-20', 'Janu mics56', 3800, 2203, NULL, NULL),
(197, 3, '2012-12-11', 'Janu mics57', 1000, 2203, NULL, NULL),
(198, 3, '2012-11-21', 'Janu mics58', 8800, 2203, NULL, NULL),
(199, 3, '2012-10-26', 'Janu mics59', 5400, 2203, NULL, NULL),
(200, 3, '2012-09-10', 'Janu mics60', 2000, 2203, NULL, NULL),
(201, 3, '2013-06-19', 'Janu mics61', 180, 2006, NULL, NULL),
(202, 3, '2013-05-16', 'Janu mics62', 184, 2006, NULL, NULL),
(203, 3, '2013-04-14', 'Janu mics63', 186, 2006, NULL, NULL),
(204, 3, '2013-03-24', 'Janu mics64', 188, 2006, NULL, NULL),
(205, 3, '2013-02-12', 'Janu mics65', 190, 2006, NULL, NULL),
(206, 3, '2013-01-20', 'Janu mics66', 195, 2006, NULL, NULL),
(207, 3, '2012-12-11', 'Janu mics67', 192, 2006, NULL, NULL),
(208, 3, '2012-11-21', 'Janu mics68', 198, 2006, NULL, NULL),
(209, 3, '2012-10-26', 'Janu mics69', 200, 2006, NULL, NULL),
(210, 3, '2012-09-10', 'Janu mics70', 220, 2006, NULL, NULL),
(211, 4, '2013-06-25', 'Santhosh mics1', 76, 2001, NULL, NULL),
(212, 4, '2013-05-24', 'Santhosh mics2', 79, 2001, NULL, NULL),
(213, 4, '2013-04-20', 'Santhosh mics3', 80, 2001, NULL, NULL),
(214, 4, '2013-03-18', 'Santhosh mics4', 85, 2001, NULL, NULL),
(215, 4, '2013-02-20', 'Santhosh mics5', 87, 2001, NULL, NULL),
(216, 4, '2013-01-25', 'Santhosh mics6', 76, 2001, NULL, NULL),
(217, 4, '2012-12-26', 'Santhosh mics7', 74, 2001, NULL, NULL),
(218, 4, '2012-11-12', 'Santhosh mics8', 87, 2001, NULL, NULL),
(219, 4, '2012-10-24', 'Santhosh mics9', 79, 2001, NULL, NULL),
(220, 4, '2012-09-17', 'Santhosh mics10', 90, 2001, NULL, NULL),
(221, 4, '2013-06-24', 'Santhosh mics11', 85, 2002, NULL, NULL),
(222, 4, '2013-06-04', 'Santhosh mics12', 100, 2002, NULL, NULL),
(223, 4, '2013-05-17', 'Santhosh mics13', 125, 2002, NULL, NULL),
(224, 4, '2013-04-20', 'Santhosh mics14', 94, 2002, NULL, NULL),
(225, 4, '2013-03-19', 'Santhosh mics15', 110, 2002, NULL, NULL),
(226, 4, '2013-02-16', 'Santhosh mics16', 88, 2002, NULL, NULL),
(227, 4, '2013-01-12', 'Santhosh mics17', 128, 2002, NULL, NULL),
(228, 4, '2012-12-11', 'Santhosh mics18', 90, 2002, NULL, NULL),
(229, 4, '2012-11-14', 'Santhosh mics19', 132, 2002, NULL, NULL),
(230, 4, '2012-10-17', 'Santhosh mics20', 126, 2002, NULL, NULL),
(231, 4, '2013-06-24', 'Santhosh mics21', 70, 2003, NULL, NULL),
(232, 4, '2013-05-16', 'Santhosh mics22', 82, 2003, NULL, NULL),
(233, 4, '2013-04-13', 'Santhosh mics23', 78, 2003, NULL, NULL),
(234, 4, '2013-03-14', 'Santhosh mics24', 80, 2003, NULL, NULL),
(235, 4, '2013-02-16', 'Santhosh mics25', 72, 2003, NULL, NULL),
(236, 4, '2013-01-17', 'Santhosh mics26', 68, 2003, NULL, NULL),
(237, 4, '2012-12-10', 'Santhosh mics27', 74, 2003, NULL, NULL),
(238, 4, '2012-11-07', 'Santhosh mics28', 82, 2003, NULL, NULL),
(239, 4, '2012-10-27', 'Santhosh mics29', 80, 2003, NULL, NULL),
(240, 4, '2012-09-14', 'Santhosh mics30', 74, 2003, NULL, NULL),
(241, 4, '2013-06-19', 'Santhosh mics31', 200, 2201, NULL, NULL),
(242, 4, '2013-05-17', 'Santhosh mics32', 320, 2201, NULL, NULL),
(243, 4, '2013-04-14', 'Santhosh mics33', 360, 2201, NULL, NULL),
(244, 4, '2013-03-17', 'Santhosh mics34', 600, 2201, NULL, NULL),
(245, 4, '2013-02-13', 'Santhosh mics35', 400, 2201, NULL, NULL),
(246, 4, '2013-01-10', 'Santhosh mics36', 320, 2201, NULL, NULL),
(247, 4, '2012-12-22', 'Santhosh mics37', 450, 2201, NULL, NULL),
(248, 4, '2012-11-20', 'Santhosh mics38', 600, 2201, NULL, NULL),
(249, 4, '2012-10-16', 'Santhosh mics39', 210, 2201, NULL, NULL),
(250, 4, '2012-09-18', 'Santhosh mics40', 750, 2201, NULL, NULL),
(251, 4, '2013-06-19', 'Santhosh mics41', 400, 2202, NULL, NULL),
(252, 4, '2013-05-14', 'Santhosh mics42', 600, 2202, NULL, NULL),
(253, 4, '2013-04-15', 'Santhosh mics43', 700, 2202, NULL, NULL),
(254, 4, '2013-03-21', 'Santhosh mics44', 250, 2202, NULL, NULL),
(255, 4, '2013-02-12', 'Santhosh mics45', 1200, 2202, NULL, NULL),
(256, 4, '2013-01-22', 'Santhosh mics46', 400, 2202, NULL, NULL),
(257, 4, '2012-12-24', 'Santhosh mics47', 620, 2202, NULL, NULL),
(258, 4, '2012-11-18', 'Santhosh mics48', 400, 2202, NULL, NULL),
(259, 4, '2012-10-14', 'Santhosh mics49', 280, 2202, NULL, NULL),
(260, 4, '2012-09-10', 'Santhosh mics50', 400, 2202, NULL, NULL),
(261, 4, '2013-06-19', 'Santhosh mics51', 1800, 2203, NULL, NULL),
(262, 4, '2013-05-16', 'Santhosh mics52', 4000, 2203, NULL, NULL),
(263, 4, '2013-04-14', 'Santhosh mics53', 1200, 2203, NULL, NULL),
(264, 4, '2013-03-24', 'Santhosh mics54', 6000, 2203, NULL, NULL),
(265, 4, '2013-02-12', 'Santhosh mics55', 4200, 2203, NULL, NULL),
(266, 4, '2013-01-20', 'Santhosh mics56', 3200, 2203, NULL, NULL),
(267, 4, '2012-12-11', 'Santhosh mics57', 2000, 2203, NULL, NULL),
(268, 4, '2012-11-21', 'Santhosh mics58', 6200, 2203, NULL, NULL),
(269, 4, '2012-10-26', 'Santhosh mics59', 4800, 2203, NULL, NULL),
(270, 4, '2012-09-10', 'Santhosh mics60', 8000, 2203, NULL, NULL),
(271, 4, '2013-06-19', 'Santhosh mics61', 180, 2006, NULL, NULL),
(272, 4, '2013-05-16', 'Santhosh mics62', 184, 2006, NULL, NULL),
(273, 4, '2013-04-14', 'Santhosh mics63', 186, 2006, NULL, NULL),
(274, 4, '2013-03-24', 'Santhosh mics64', 188, 2006, NULL, NULL),
(275, 4, '2013-02-12', 'Santhosh mics65', 190, 2006, NULL, NULL),
(276, 4, '2013-01-20', 'Santhosh mics66', 195, 2006, NULL, NULL),
(277, 4, '2012-12-11', 'Santhosh mics67', 192, 2006, NULL, NULL),
(278, 4, '2012-11-21', 'Santhosh mics68', 198, 2006, NULL, NULL),
(279, 4, '2012-10-26', 'Santhosh mics69', 200, 2006, NULL, NULL),
(280, 4, '2012-09-30', 'Santhosh mics70', 220, 2006, NULL, NULL),
(281, 5, '2013-06-25', 'Abhi mics1', 72, 2001, NULL, NULL),
(282, 5, '2013-05-24', 'Abhi mics2', 80, 2001, NULL, NULL),
(283, 5, '2013-04-20', 'Abhi mics3', 74, 2001, NULL, NULL),
(284, 5, '2013-03-18', 'Abhi mics4', 85, 2001, NULL, NULL),
(285, 5, '2013-02-20', 'Abhi mics5', 82, 2001, NULL, NULL),
(286, 5, '2013-01-25', 'Abhi mics6', 74, 2001, NULL, NULL),
(287, 5, '2012-12-26', 'Abhi mics7', 82, 2001, NULL, NULL),
(288, 5, '2012-11-12', 'Abhi mics8', 87, 2001, NULL, NULL),
(289, 5, '2012-10-24', 'Abhi mics9', 73, 2001, NULL, NULL),
(290, 5, '2012-09-17', 'Abhi mics10', 90, 2001, NULL, NULL),
(291, 5, '2013-06-24', 'Abhi mics11', 88, 2002, NULL, NULL),
(292, 5, '2013-06-04', 'Abhi mics12', 120, 2002, NULL, NULL),
(293, 5, '2013-05-17', 'Abhi mics13', 115, 2002, NULL, NULL),
(294, 5, '2013-04-20', 'Abhi mics14', 92, 2002, NULL, NULL),
(295, 5, '2013-03-19', 'Abhi mics15', 110, 2002, NULL, NULL),
(296, 5, '2013-02-16', 'Abhi mics16', 82, 2002, NULL, NULL),
(297, 5, '2013-01-12', 'Abhi mics17', 118, 2002, NULL, NULL),
(298, 5, '2012-12-11', 'Abhi mics18', 90, 2002, NULL, NULL),
(299, 5, '2012-11-14', 'Abhi mics19', 22, 2002, NULL, NULL),
(300, 5, '2012-10-17', 'Abhi mics20', 126, 2002, NULL, NULL),
(301, 5, '2013-06-24', 'Abhi mics21', 74, 2003, NULL, NULL),
(302, 5, '2013-05-16', 'Abhi mics22', 90, 2003, NULL, NULL),
(303, 5, '2013-04-13', 'Abhi mics23', 72, 2003, NULL, NULL),
(304, 5, '2013-03-14', 'Abhi mics24', 80, 2003, NULL, NULL),
(305, 5, '2013-02-16', 'Abhi mics25', 74, 2003, NULL, NULL),
(306, 5, '2013-01-17', 'Abhi mics26', 69, 2003, NULL, NULL),
(307, 5, '2012-12-10', 'Abhi mics27', 78, 2003, NULL, NULL),
(308, 5, '2012-11-07', 'Abhi mics28', 84, 2003, NULL, NULL),
(309, 5, '2012-10-27', 'Abhi mics29', 76, 2003, NULL, NULL),
(310, 5, '2012-09-14', 'Abhi mics30', 74, 2003, NULL, NULL),
(311, 5, '2013-06-19', 'Abhi mics31', 140, 2201, NULL, NULL),
(312, 5, '2013-05-17', 'Abhi mics32', 330, 2201, NULL, NULL),
(313, 5, '2013-04-14', 'Abhi mics33', 410, 2201, NULL, NULL),
(314, 5, '2013-03-17', 'Abhi mics34', 630, 2201, NULL, NULL),
(315, 5, '2013-02-13', 'Abhi mics35', 400, 2201, NULL, NULL),
(316, 5, '2013-01-10', 'Abhi mics36', 800, 2201, NULL, NULL),
(317, 5, '2012-12-22', 'Abhi mics37', 120, 2201, NULL, NULL),
(318, 5, '2012-11-20', 'Abhi mics38', 800, 2201, NULL, NULL),
(319, 5, '2012-10-16', 'Abhi mics39', 450, 2201, NULL, NULL),
(320, 5, '2012-09-18', 'Abhi mics40', 600, 2201, NULL, NULL),
(321, 5, '2013-06-19', 'Abhi mics41', 300, 2202, NULL, NULL),
(322, 5, '2013-05-14', 'Abhi mics42', 200, 2202, NULL, NULL),
(323, 5, '2013-04-15', 'Abhi mics43', 840, 2202, NULL, NULL),
(324, 5, '2013-03-21', 'Abhi mics44', 420, 2202, NULL, NULL),
(325, 5, '2013-02-12', 'Abhi mics45', 600, 2202, NULL, NULL),
(326, 5, '2013-01-22', 'Abhi mics46', 800, 2202, NULL, NULL),
(327, 5, '2012-12-24', 'Abhi mics47', 240, 2202, NULL, NULL),
(328, 5, '2012-11-18', 'Abhi mics48', 420, 2202, NULL, NULL),
(329, 5, '2012-10-14', 'Abhi mics49', 840, 2202, NULL, NULL),
(330, 5, '2012-09-10', 'Abhi mics50', 400, 2202, NULL, NULL),
(331, 5, '2013-06-19', 'Abhi mics51', 2800, 2203, NULL, NULL),
(332, 5, '2013-05-16', 'Abhi mics52', 5400, 2203, NULL, NULL),
(333, 5, '2013-04-14', 'Abhi mics53', 2800, 2203, NULL, NULL),
(334, 5, '2013-03-24', 'Abhi mics54', 4200, 2203, NULL, NULL),
(335, 5, '2013-02-12', 'Abhi mics55', 6400, 2203, NULL, NULL),
(336, 5, '2013-01-20', 'Abhi mics56', 3800, 2203, NULL, NULL),
(337, 5, '2012-12-11', 'Abhi mics57', 1400, 2203, NULL, NULL),
(338, 5, '2012-11-21', 'Abhi mics58', 8800, 2203, NULL, NULL),
(339, 5, '2012-10-26', 'Abhi mics59', 2400, 2203, NULL, NULL),
(340, 5, '2012-09-30', 'Abhi mics60', 6000, 2203, NULL, NULL),
(341, 5, '2013-06-19', 'Abhi mics61', 180, 2006, NULL, NULL),
(342, 5, '2013-05-16', 'Abhi mics62', 184, 2006, NULL, NULL),
(343, 5, '2013-04-14', 'Abhi mics63', 186, 2006, NULL, NULL),
(344, 5, '2013-03-24', 'Abhi mics64', 188, 2006, NULL, NULL),
(345, 5, '2013-02-12', 'Abhi mics65', 190, 2006, NULL, NULL),
(346, 5, '2013-01-20', 'Abhi mics66', 195, 2006, NULL, NULL),
(347, 5, '2012-12-11', 'Abhi mics67', 192, 2006, NULL, NULL),
(348, 5, '2012-11-21', 'Abhi mics68', 198, 2006, NULL, NULL),
(349, 5, '2012-10-26', 'Abhi mics69', 200, 2006, NULL, NULL),
(350, 5, '2012-09-30', 'Abhi mics70', 220, 2006, NULL, NULL),
(351, 6, '2013-06-25', 'Asha mics1', 72, 2001, NULL, NULL),
(352, 6, '2013-05-24', 'Asha mics2', 83, 2001, NULL, NULL),
(353, 6, '2013-04-20', 'Asha mics3', 84, 2001, NULL, NULL),
(354, 6, '2013-03-18', 'Asha mics4', 88, 2001, NULL, NULL),
(355, 6, '2013-02-20', 'Asha mics5', 82, 2001, NULL, NULL),
(356, 6, '2013-01-25', 'Asha mics6', 84, 2001, NULL, NULL),
(357, 6, '2012-12-26', 'Asha mics7', 74, 2001, NULL, NULL),
(358, 6, '2012-11-12', 'Asha mics8', 87, 2001, NULL, NULL),
(359, 6, '2012-10-24', 'Asha mics9', 793, 2001, NULL, NULL),
(360, 6, '2012-09-17', 'Asha mics10', 76, 2001, NULL, NULL),
(361, 6, '2013-06-24', 'Asha mics11', 81, 2002, NULL, NULL),
(362, 6, '2013-06-04', 'Asha mics12', 116, 2002, NULL, NULL),
(363, 6, '2013-05-17', 'Asha mics13', 106, 2002, NULL, NULL),
(364, 6, '2013-04-20', 'Asha mics14', 90, 2002, NULL, NULL),
(365, 6, '2013-03-19', 'Asha mics15', 120, 2002, NULL, NULL),
(366, 6, '2013-02-16', 'Asha mics16', 88, 2002, NULL, NULL),
(367, 6, '2013-01-12', 'Asha mics17', 128, 2002, NULL, NULL),
(368, 6, '2012-12-11', 'Asha mics18', 90, 2002, NULL, NULL),
(369, 6, '2012-11-14', 'Asha mics19', 28, 2002, NULL, NULL),
(370, 6, '2012-10-17', 'Asha mics20', 116, 2002, NULL, NULL),
(371, 6, '2013-06-24', 'Asha mics21', 84, 2003, NULL, NULL),
(372, 6, '2013-05-16', 'Asha mics22', 92, 2003, NULL, NULL),
(373, 6, '2013-04-13', 'Asha mics23', 72, 2003, NULL, NULL),
(374, 6, '2013-03-14', 'Asha mics24', 76, 2003, NULL, NULL),
(375, 6, '2013-02-16', 'Asha mics25', 86, 2003, NULL, NULL),
(376, 6, '2013-01-17', 'Asha mics26', 66, 2003, NULL, NULL),
(377, 6, '2012-12-10', 'Asha mics27', 79, 2003, NULL, NULL),
(378, 6, '2012-11-07', 'Asha mics28', 83, 2003, NULL, NULL),
(379, 6, '2012-10-27', 'Asha mics29', 78, 2003, NULL, NULL),
(380, 6, '2012-09-14', 'Asha mics30', 72, 2003, NULL, NULL),
(381, 6, '2013-06-19', 'Asha mics31', 240, 2201, NULL, NULL),
(382, 6, '2013-05-17', 'Asha mics32', 330, 2201, NULL, NULL),
(383, 6, '2013-04-14', 'Asha mics33', 460, 2201, NULL, NULL),
(384, 6, '2013-03-17', 'Asha mics34', 630, 2201, NULL, NULL),
(385, 6, '2013-02-13', 'Asha mics35', 420, 2201, NULL, NULL),
(386, 6, '2013-01-10', 'Asha mics36', 900, 2201, NULL, NULL),
(387, 6, '2012-12-22', 'Asha mics37', 350, 2201, NULL, NULL),
(388, 6, '2012-11-20', 'Asha mics38', 840, 2201, NULL, NULL),
(389, 6, '2012-10-16', 'Asha mics39', 350, 2201, NULL, NULL),
(390, 6, '2012-09-18', 'Asha mics40', 500, 2201, NULL, NULL),
(391, 6, '2013-06-19', 'Asha mics41', 700, 2202, NULL, NULL),
(392, 6, '2013-05-14', 'Asha mics42', 450, 2202, NULL, NULL),
(393, 6, '2013-04-15', 'Asha mics43', 880, 2202, NULL, NULL),
(394, 6, '2013-03-21', 'Asha mics44', 440, 2202, NULL, NULL),
(395, 6, '2013-02-12', 'Asha mics45', 400, 2202, NULL, NULL),
(396, 6, '2013-01-22', 'Asha mics46', 800, 2202, NULL, NULL),
(397, 6, '2012-12-24', 'Asha mics47', 300, 2202, NULL, NULL),
(398, 6, '2012-11-18', 'Asha mics48', 400, 2202, NULL, NULL),
(399, 6, '2012-10-14', 'Asha mics49', 800, 2202, NULL, NULL),
(400, 6, '2012-09-10', 'Asha mics50', 600, 2202, NULL, NULL),
(401, 6, '2013-06-19', 'Asha mics51', 2500, 2203, NULL, NULL),
(402, 6, '2013-05-16', 'Asha mics52', 4000, 2203, NULL, NULL),
(403, 6, '2013-04-14', 'Asha mics53', 3800, 2203, NULL, NULL),
(404, 6, '2013-03-24', 'Asha mics54', 6400, 2203, NULL, NULL),
(405, 6, '2013-02-12', 'Asha mics55', 4400, 2203, NULL, NULL),
(406, 6, '2013-01-20', 'Asha mics56', 3800, 2203, NULL, NULL),
(407, 6, '2012-12-11', 'Asha mics57', 1000, 2203, NULL, NULL),
(408, 6, '2012-11-21', 'Asha mics58', 8800, 2203, NULL, NULL),
(409, 6, '2012-10-26', 'Asha mics59', 5400, 2203, NULL, NULL),
(410, 6, '2012-09-30', 'Asha mics60', 2000, 2203, NULL, NULL),
(411, 6, '2013-06-19', 'Asha mics61', 180, 2006, NULL, NULL),
(412, 6, '2013-05-16', 'Asha mics62', 200, 2006, NULL, NULL),
(413, 6, '2013-04-14', 'Asha mics63', 190, 2006, NULL, NULL),
(414, 6, '2013-03-24', 'Asha mics64', 185, 2006, NULL, NULL),
(415, 6, '2013-02-12', 'Asha mics65', 188, 2006, NULL, NULL),
(416, 6, '2013-01-20', 'Asha mics66', 192, 2006, NULL, NULL),
(417, 6, '2012-12-11', 'Asha mics67', 196, 2006, NULL, NULL),
(418, 6, '2012-11-21', 'Asha mics68', 199, 2006, NULL, NULL),
(419, 6, '2012-10-26', 'Asha mics69', 200, 2006, NULL, NULL),
(420, 6, '2012-09-30', 'Asha mics70', 210, 2006, NULL, NULL);

INSERT INTO `ACCOMPLISHMENT` (`ID`, `USER_ID`, `ACCMPT_DATE`, `ACCMPT_TYPE_CD`, `SUMMARY`, `DESCRIPTION`, `CREATED_AT`, `UPDATED_AT`) VALUES
(1, 1, '2013-06-01', 3001, 'Venkat  class topper', 'acc1', NULL, NULL),
(2, 1, '2013-06-02', 3002, 'Venkat  first ranker', 'acc2', NULL, NULL),
(3, 1, '2013-06-03', 3003, 'Venkat  home work', 'acc3', NULL, NULL),
(5, 1, '2013-06-05', 3005, 'Venkat  nailArt', 'acc5', NULL, NULL),
(9, 1, '2013-06-09', 3009, 'Venkat  Performer ', 'acc9', NULL, NULL),
(11, 1, '2013-06-11', 3005, 'Venkat  Craft Art work in school', 'acc11', NULL, NULL),
(13, 1, '2013-06-13', 3199, 'Venkat  Sprint Cahmpion', 'acc13', NULL, NULL),
(14, 1, '2013-06-14', 3299, 'Venkat  Blood Camp activity', 'acc14', NULL, NULL),
(15, 1, '2013-06-15', 3199, 'Venkat  Cricket Runnerup', 'accc15', NULL, NULL),
(16, 1, '2013-06-16', 3001, 'Venkat  Topper in Maths', 'acc16', NULL, NULL),
(18, 1, '2013-06-17', 3299, 'Venkat  Get Together', 'acc18', NULL, NULL),
(19, 1, '2013-06-18', 3199, 'Venkat  NFS MostWanted ', 'acc19', NULL, NULL),
(20, 1, '2013-06-19', 3003, 'Venkat class work 2', 'acc19', NULL, NULL),
(21, 2, '2013-06-01', 3001, 'Venu class topper', 'acc1', NULL, NULL),
(22, 2, '2013-06-02', 3002, 'Venu  first ranker', 'acc2', NULL, NULL),
(23, 2, '2013-06-03', 3003, 'Venu  home work', 'acc3', NULL, NULL),
(25, 2, '2013-06-05', 3005, 'Venu  nailArt', 'acc5', NULL, NULL),
(29, 2, '2013-06-09', 3009, 'Venu  Performer ', 'acc9', NULL, NULL),
(31, 2, '2013-06-11', 3005, 'Venu  Craft Art work in school', 'acc11', NULL, NULL),
(33, 2, '2013-06-13', 3199, 'Venu  Sprint Cahmpion', 'acc13', NULL, NULL),
(34, 2, '2013-06-14', 3299, 'Venu  Blood Camp activity', 'acc14', NULL, NULL),
(35, 2, '2013-06-15', 3199, 'Venu  Cricket Runnerup', 'accc15', NULL, NULL),
(36, 2, '2013-06-16', 3001, 'Venu  Topper in Maths', 'acc16', NULL, NULL),
(38, 2, '2013-06-17', 3299, 'Venu  Get Together', 'acc18', NULL, NULL),
(39, 2, '2013-06-18', 3199, 'Venu  NFS MostWanted ', 'acc19', NULL, NULL),
(40, 2, '2013-06-19', 3003, 'Venu class work 2', 'acc19', NULL, NULL),
(41, 3, '2013-06-01', 3001, 'Janu class topper', 'acc1', NULL, NULL),
(42, 3, '2013-06-02', 3002, 'Janu  first ranker', 'acc2', NULL, NULL),
(43, 3, '2013-06-03', 3003, 'Janu  home work', 'acc3', NULL, NULL),
(45, 3, '2013-06-05', 3005, 'Janu  nailArt', 'acc5', NULL, NULL),
(49, 3, '2013-06-09', 3009, 'Janu  Performer ', 'acc9', NULL, NULL),
(51, 3, '2013-06-11', 3005, 'Janu  Craft Art work in school', 'acc11', NULL, NULL),
(53, 3, '2013-06-13', 3199, 'Janu  Sprint Cahmpion', 'acc13', NULL, NULL),
(54, 3, '2013-06-14', 3299, 'Janu  Blood Camp activity', 'acc14', NULL, NULL),
(55, 3, '2013-06-15', 3199, 'Janu  Cricket Runnerup', 'accc15', NULL, NULL),
(56, 3, '2013-06-16', 3001, 'Janu  Topper in Maths', 'acc16', NULL, NULL),
(58, 3, '2013-06-17', 3299, 'Janu  Get Together', 'acc18', NULL, NULL),
(59, 3, '2013-06-18', 3199, 'Janu  NFS MostWanted ', 'acc19', NULL, NULL),
(60, 3, '2013-06-19', 3003, 'Janu class work 2', 'acc19', NULL, NULL),
(61, 4, '2013-06-01', 3001, 'Santhosh  class topper', 'acc1', NULL, NULL),
(62, 4, '2013-06-02', 3002, 'Santhosh  first ranker', 'acc2', NULL, NULL),
(63, 4, '2013-06-03', 3003, 'Santhosh  home work', 'acc3', NULL, NULL),
(65, 4, '2013-06-05', 3005, 'Santhosh  nailArt', 'acc5', NULL, NULL),
(69, 4, '2013-06-09', 3009, 'Santhosh  Performer ', 'acc9', NULL, NULL),
(71, 4, '2013-06-11', 3005, 'Santhosh  Craft Art work in school', 'acc11', NULL, NULL),
(73, 4, '2013-06-13', 3199, 'Santhosh  Sprint Cahmpion', 'acc13', NULL, NULL),
(74, 4, '2013-06-14', 3299, 'Santhosh  Blood Camp activity', 'acc14', NULL, NULL),
(75, 4, '2013-06-15', 3199, 'Santhosh  Cricket Runnerup', 'accc15', NULL, NULL),
(76, 4, '2013-06-16', 3001, 'Santhosh  Topper in Maths', 'acc16', NULL, NULL),
(78, 4, '2013-06-17', 3299, 'Santhosh  Get Together', 'acc18', NULL, NULL),
(79, 4, '2013-06-18', 3199, 'Santhosh  NFS MostWanted ', 'acc19', NULL, NULL),
(80, 4, '2013-06-19', 3003, 'Santhosh class work 2', 'acc19', NULL, NULL),
(81, 5, '2013-06-01', 3001, 'Abhi class topper', 'acc1', NULL, NULL),
(82, 5, '2013-06-02', 3002, 'Abhi  first ranker', 'acc2', NULL, NULL),
(83, 5, '2013-06-03', 3003, 'Abhi  home work', 'acc3', NULL, NULL),
(85, 5, '2013-06-05', 3005, 'Abhi  nailArt', 'acc5', NULL, NULL),
(89, 5, '2013-06-09', 3009, 'Abhi  Performer ', 'acc9', NULL, NULL),
(91, 5, '2013-06-11', 3005, 'Abhi  Craft Art work in school', 'acc11', NULL, NULL),
(93, 5, '2013-06-13', 3199, 'Abhi  Sprint Cahmpion', 'acc13', NULL, NULL),
(94, 5, '2013-06-14', 3299, 'Abhi  Blood Camp activity', 'acc14', NULL, NULL),
(95, 5, '2013-06-15', 3199, 'Abhi  Cricket Runnerup', 'accc15', NULL, NULL),
(96, 5, '2013-06-16', 3001, 'Abhi  Topper in Maths', 'acc16', NULL, NULL),
(98, 5, '2013-06-17', 3299, 'Abhi  Get Together', 'acc18', NULL, NULL),
(99, 5, '2013-06-18', 3199, 'Abhi  NFS MostWanted ', 'acc19', NULL, NULL),
(100, 5, '2013-06-19', 3003, 'Abhi class work 2', 'acc19', NULL, NULL),
(101, 6, '2013-06-01', 3001, 'Asha class topper', 'acc1', NULL, NULL),
(102, 6, '2013-06-02', 3002, 'Asha  first ranker', 'acc2', NULL, NULL),
(103, 6, '2013-06-03', 3003, 'Asha  home work', 'acc3', NULL, NULL),
(105, 6, '2013-06-05', 3005, 'Asha  nailArt', 'acc5', NULL, NULL),
(109, 6, '2013-06-09', 3009, 'Asha  Performer ', 'acc9', NULL, NULL),
(111, 6, '2013-06-11', 3005, 'Asha  Craft Art work in school', 'acc11', NULL, NULL),
(113, 6, '2013-06-13', 3199, 'Asha  Sprint Cahmpion', 'acc13', NULL, NULL),
(114, 6, '2013-06-14', 3299, 'Asha  Blood Camp activity', 'acc14', NULL, NULL),
(115, 6, '2013-06-15', 3199, 'Asha  Cricket Runnerup', 'accc15', NULL, NULL),
(116, 6, '2013-06-16', 3001, 'Asha  Topper in Maths', 'acc16', NULL, NULL),
(118, 6, '2013-06-17', 3299, 'Asha  Get Together', 'acc18', NULL, NULL),
(119, 6, '2013-06-18', 3199, 'Asha  NFS MostWanted ', 'acc19', NULL, NULL),
(120, 6, '2013-06-19', 3003, 'Asha class work 2', 'acc19', NULL, NULL);

INSERT INTO `ACTIVITY` (`ID`, `USER_ID`, `FROM_DATE`, `TO_DATE`, `ACTIVITY_TYPE_CD`, `EXPENSE_ID`, `SUMMARY`, `DESCRIPTION`, `CREATED_AT`, `UPDATED_AT`) VALUES
(1, 1, '2013-06-01', '2013-06-25', 4001, 1, 'Venkat Mighty Swimmers Acdmy', 'Venkat act Swimming', NULL, NULL),
(2, 1, '2013-06-01', '2013-06-24', 4002, 2, 'Cricket Technqs', 'Venkat Act Cricket', NULL, NULL),
(3, 1, '2013-06-01', '2013-06-23', 4003, 3, 'Archery Eklavya', 'Venkat Act Archery', NULL, NULL),
(4, 1, '2013-06-01', '2013-06-22', 4004, 4, 'BB Acdmy', 'Venkat Act BasketBall', NULL, NULL),
(5, 1, '2013-06-01', '2013-06-21', 4005, 5, 'Best Bowlers', 'Venkat Act Bowling', NULL, NULL),
(6, 1, '2013-06-01', '2013-06-20', 4006, 6, 'We Love Soccer', 'Venkat Act Soccer', NULL, NULL),
(7, 1, '2013-06-01', '2013-06-19', 4007, 7, 'Gold Golf Acdmy learn Golf', 'Venkat Act Golf', NULL, NULL),
(8, 1, '2013-06-01', '2013-06-18', 4008, 8, 'Tokyo Gymnastics', 'Venkat Act Gymnastics', NULL, NULL),
(9, 1, '2013-06-01', '2013-06-17', 4009, 9, 'Sprint Training', 'Venkat Act Sprint', NULL, NULL),
(13, 1, '2013-06-01', '2013-06-13', 4013, 13, 'Blacks  Whites', 'Venkat Act Chess', NULL, NULL),
(14, 1, '2013-06-01', '2013-06-12', 4014, 14, 'Joy of Music ', 'Venkat Act Music', NULL, NULL),
(15, 1, '2013-06-01', '2013-06-11', 4015, 15, 'Mathematics tution', 'Venkat Act tustion', NULL, NULL),
(16, 1, '2013-06-01', '2013-06-10', 4016, 16, 'PPP Pretty Piano Players', 'Venkat act piano', NULL, NULL),
(18, 1, '2013-06-01', '2013-06-08', 4014, 18, 'Twillight  Series', 'Venkat Act music', NULL, NULL),
(20, 1, '2013-06-01', '2013-06-06', 4020, 20, 'Bach''s illusions', 'Venkat Act Reading', NULL, NULL),
(21, 1, '2013-06-01', '2013-06-05', 4022, 21, 'Speak Spanish', 'Venkat Act Spanish', NULL, NULL),
(22, 1, '2013-06-01', '2013-06-04', 4022, 22, 'Spanish lluvia', 'Venkat Act Spanish other Lang', NULL, NULL),
(23, 1, '2013-06-01', '2013-06-03', 4023, 23, 'Hyd Biryani', 'Venkat Act Cooking', NULL, NULL),
(24, 1, '2013-06-01', '2013-06-02', 4099, 24, 'Dancing', 'Venkat Act Dance', NULL, NULL),
(25, 2, '2013-06-01', '2013-06-25', 4001, 76, 'Mighty Swimmers Acdmy', 'Venu act Swimming', NULL, NULL),
(26, 2, '2013-06-01', '2013-06-24', 4002, 77, 'Cricket Technqs', 'Venu Act Cricket', NULL, NULL),
(27, 2, '2013-06-01', '2013-06-23', 4003, 78, 'Archery Eklavya', 'Venu Act Archery', NULL, NULL),
(28, 2, '2013-06-01', '2013-06-22', 4004, 79, 'BB Acdmy', 'Venu Act BasketBall', NULL, NULL),
(29, 2, '2013-06-01', '2013-06-21', 4005, 80, 'Best Bowlers', 'Venu Act Bowling', NULL, NULL),
(30, 2, '2013-06-01', '2013-06-20', 4006, 81, 'We Love Soccer', 'Venu Act Soccer', NULL, NULL),
(31, 2, '2013-06-01', '2013-06-19', 4007, 82, 'Gold Golf Acdmy learn Golf', 'Venu Act Golf', NULL, NULL),
(32, 2, '2013-06-01', '2013-06-18', 4008, 83, 'Tokyo Gymnastics', 'Venu Act Gymnastics', NULL, NULL),
(33, 2, '2013-06-01', '2013-06-17', 4009, 84, 'Sprint Training', 'Venu Act Sprint', NULL, NULL),
(37, 2, '2013-06-01', '2013-06-13', 4013, 88, 'Blacks  Whites', 'Venu Act Chess', NULL, NULL),
(38, 2, '2013-06-01', '2013-06-12', 4014, 89, 'Joy of Music ', 'Venu Act Music', NULL, NULL),
(39, 2, '2013-06-01', '2013-06-11', 4015, 90, 'Mathematics tution', 'Venu Act tustion', NULL, NULL),
(40, 2, '2013-06-01', '2013-06-10', 4016, 91, 'PPP Pretty Piano Players', 'Venu act piano', NULL, NULL),
(42, 2, '2013-06-01', '2013-06-08', 4014, 93, 'Twillight  music', 'Venu Act music', NULL, NULL),
(44, 2, '2013-06-01', '2013-06-06', 4020, 95, 'Bach''s illusions', 'Venu Act Reading', NULL, NULL),
(45, 2, '2013-06-01', '2013-06-05', 4022, 96, 'Speak Spanish', 'Venu Act Spanish', NULL, NULL),
(46, 2, '2013-06-01', '2013-06-04', 4022, 97, 'Spanish lluvia', 'Venu Act Spanish other Lang', NULL, NULL),
(47, 2, '2013-06-01', '2013-06-03', 4023, 98, 'Hyd Biryani', 'Venu Act Cooking', NULL, NULL),
(48, 2, '2013-06-01', '2013-06-02', 4099, 99, 'Dancing', 'Venu Act Dance', NULL, NULL),
(49, 3, '2013-06-01', '2013-06-27', 4001, 151, 'Janu swimming', 'Janu swimming', NULL, NULL),
(50, 3, '2013-06-01', '2013-06-26', 4002, 152, 'Janu cric', 'Janu cric', NULL, NULL),
(51, 3, '2013-06-01', '2013-06-25', 4003, 153, 'Janu Archery', 'Janu arc', NULL, NULL),
(52, 3, '2013-06-01', '2013-06-24', 4004, 154, 'Janu bb', 'Janu bb', NULL, NULL),
(53, 3, '2013-06-01', '2013-06-23', 4005, 155, 'Bowling', 'Janu  Bowling', NULL, NULL),
(54, 3, '2013-06-01', '2013-06-22', 4006, 156, 'Soccer', 'Janu  Soccer', NULL, NULL),
(55, 3, '2013-06-01', '2013-06-21', 4007, 157, 'Golf', 'Janu Golf', NULL, NULL),
(56, 3, '2013-06-01', '2013-06-20', 4008, 158, 'Gymnastics', 'Janu  gymnasticcs', NULL, NULL),
(57, 3, '2013-06-01', '2013-06-19', 4009, 159, 'Running', 'Janu  Runnning', NULL, NULL),
(61, 4, '2013-06-01', '2013-06-03', 4002, 206, 'Test Match', 'Santhosh Test Match', NULL, NULL),
(62, 4, '2013-06-03', '2013-06-05', 4003, 207, 'Training', 'Santhosh Training', NULL, NULL),
(63, 4, '2013-06-01', '2013-06-03', 4001, 208, 'Contest', 'Santhosh Contest', NULL, NULL),
(64, 4, '2013-06-05', '2013-06-08', 4004, 209, 'Game', 'Santhosh Game', NULL, NULL),
(65, 4, '2013-06-07', '2013-06-08', 4005, 210, 'Compete', 'Santhosh Compete', NULL, NULL),
(66, 4, '2013-06-27', '2013-06-28', 4007, 211, 'Golf', 'Santhosh Golf', NULL, NULL),
(67, 4, '2013-06-27', '2013-06-28', 4009, 212, 'Running', 'Santhosh Running', NULL, NULL),
(69, 4, '2013-06-27', '2013-06-29', 4013, 214, 'Tournment', 'Santhosh Tournment', NULL, NULL),
(70, 4, '2013-06-11', '2013-06-27', 4014, 215, 'Singing', 'Santhosh Singing', NULL, NULL),
(71, 4, '2013-06-01', '2013-06-04', 4014, 255, 'Santhosh music', 'Santhosh music', NULL, NULL),
(72, 4, '2013-05-12', '2013-06-01', 4006, 256, 'Soccer', 'Santhosh Soccer', NULL, NULL),
(73, 4, '2013-06-28', '2013-06-28', 4008, 257, 'Gymnastics', 'Santhosh Gymnastics', NULL, NULL),
(75, 4, '2013-05-07', '2013-07-12', 4020, 259, 'Reading', 'Santhosh Reading', NULL, NULL),
(76, 4, '2013-06-28', '2013-06-29', 4003, 260, 'Archery', 'Santhosh Archery', NULL, NULL),
(77, 4, '2013-06-28', '2013-06-30', 4016, 261, 'Piano', 'Santhosh Piano', NULL, NULL),
(79, 4, '2013-05-08', '2013-06-12', 4022, 263, 'Spanish', 'Santhosh Spanish', NULL, NULL),
(80, 4, '2013-05-08', '2013-06-29', 4023, 264, 'Cooking', 'Santhosh Cooking', NULL, NULL),
(81, 5, '2013-03-04', '2013-04-19', 4001, 306, 'Abhi swimming', 'Abhi swimming', NULL, NULL),
(82, 5, '2013-05-08', '2013-05-25', 4002, 307, 'cricket', 'Abhi Cricket', NULL, NULL),
(83, 5, '2013-06-10', '2013-06-12', 4003, 308, 'Archery', 'Abhi Archery', NULL, NULL),
(84, 5, '2013-06-02', '2013-06-19', 4004, 309, 'basketball', 'Abhi BasketBall', NULL, NULL),
(85, 5, '2013-04-18', '2013-05-23', 4005, 310, 'Bowling', 'Abhi Bowling', NULL, NULL),
(86, 5, '2013-05-16', '2013-06-29', 4006, 311, 'Soccer', 'Abhi Soccer', NULL, NULL),
(87, 5, '2013-02-14', '2013-04-11', 4007, 312, 'Golf', 'Abhi Golf', NULL, NULL),
(88, 5, '2013-06-11', '2013-06-21', 4008, 313, 'Gymnastics', 'Abhi Gymnastics', NULL, NULL),
(89, 5, '2013-05-09', '2013-06-13', 4009, 314, 'Abhi Running', 'Abhi Running', NULL, NULL),
(93, 5, '2013-02-07', '2013-06-19', 4013, 318, 'chess', 'Abhi chess', NULL, NULL),
(94, 5, '2013-06-10', '2013-06-22', 4014, 319, 'music', 'Abhi music', NULL, NULL),
(95, 5, '2012-09-04', '2013-01-11', 4015, 320, 'tution', 'Abhi tution', NULL, NULL),
(96, 5, '2013-06-03', '2013-06-22', 4016, 321, 'piano', 'Abhi Piano', NULL, NULL),
(98, 5, '2013-05-09', '2013-06-11', 4014, 323, 'Music', 'Abhi music', NULL, NULL),
(100, 5, '2013-06-28', '2013-06-28', 4023, 325, 'cooking', 'Abhi Cooking', NULL, NULL);

INSERT INTO `DOCTOR_VISIT` (`ID`, `USER_ID`, `VISIT_DATE`, `DOCTOR_ID`, `EXPENSE_ID`, `VISIT_REASON`, `VISIT_DETAILS`, `CREATED_AT`, `UPDATED_AT`) VALUES
(1, 1, '2013-06-25', 1, 58, 'Venkat Fever', 'Fever note', NULL, NULL),
(2, 1, '2013-06-14', 2, 59, 'Venkat Vocal card problem', 'visit vocal', NULL, NULL),
(3, 1, '2013-06-25', 3, 60, 'Venkat Head ache', 'Desc ', NULL, NULL),
(4, 1, '2013-04-08', 1, 61, 'Venkat For Baby', 'baby desc', NULL, NULL),
(5, 1, '2013-03-12', 4, 62, 'Venkat reason Ayurvedic medicine', 'desc Ayurvedic medicine', NULL, NULL),
(6, 1, '2013-03-13', 5, 73, 'Venkat reason ', 'desc', NULL, NULL),
(7, 1, '2012-07-18', 2, 74, 'Venkat reason mk', 'desc note', NULL, NULL),
(8, 1, '2013-02-14', 4, 75, 'Venkat cullen visit', 'bote', NULL, NULL),
(9, 2, '2013-06-25', 2, 133, 'Venu Fever', 'Fever note', NULL, NULL),
(10, 2, '2013-06-14', 5, 134, 'Venu Vocal card problem', 'visit vocal', NULL, NULL),
(11, 2, '2013-06-25', 3, 135, 'Venu Head ache', 'Desc ', NULL, NULL),
(12, 2, '2013-04-08', 2, 136, 'Venu For Baby', 'baby desc', NULL, NULL),
(13, 2, '2013-03-12', 4, 137, 'Venu reason Ayurvedic medicine', 'desc Ayurvedic medicine', NULL, NULL),
(14, 2, '2013-03-13', 1, 148, 'Venu reason ', 'desc', NULL, NULL),
(15, 2, '2012-07-18', 5, 149, 'Venu reason mk', 'desc note', NULL, NULL),
(16, 2, '2013-02-14', 2, 150, 'Venu cullen visit', 'bote', NULL, NULL),
(17, 3, '2013-06-03', 2, 186, 'Janu Flu', 'Janu Flu', NULL, NULL),
(18, 3, '2013-06-03', 4, 187, 'Janu Swine Flu', 'Janu Swine Flu', NULL, NULL),
(19, 3, '2013-06-12', 5, 188, 'Janu Cold', 'Janu Cold', NULL, NULL),
(20, 3, '2013-06-27', 3, 189, 'Janu Cough', 'Janu Cough', NULL, NULL),
(21, 3, '2013-06-11', 3, 190, 'Janu Fever', 'Janu Fever', NULL, NULL),
(22, 3, '2013-06-27', 4, 191, 'User Hair ', 'User Hair ', NULL, NULL),
(23, 3, '2013-06-17', 4, 192, 'Janu Cancer', 'Janu Cancer', NULL, NULL),
(24, 3, '2013-06-22', 5, 193, 'Janu Body Scan', 'Janu Body Scan', NULL, NULL),
(25, 3, '2013-06-29', 3, 194, 'Janu Throat Cancer', 'Janu Throat Cancer', NULL, NULL),
(26, 3, '2013-06-27', 4, 195, 'Janu Malaria', 'Janu Malaria', NULL, NULL),
(27, 4, '2013-06-01', 8, 236, 'Santhosh Fever', 'Fever', NULL, NULL),
(28, 4, '2013-06-06', 7, 237, 'Santhosh Heart Problem', 'Heart Problem', NULL, NULL),
(29, 4, '2013-06-13', 10, 238, 'Santhosh  Stomoch Pain', 'Stomoch Pain', NULL, NULL),
(30, 4, '2013-06-27', 7, 239, 'Santhosh Deaf', 'Deaf', NULL, NULL),
(31, 4, '2013-06-21', 10, 240, 'Santhosh Mute', 'Mute', NULL, NULL),
(32, 4, '2013-06-12', 7, 241, 'Santhosh Cough', 'Cough', NULL, NULL),
(33, 4, '2013-06-10', 9, 242, 'Santhosh Swinf Flu', 'Swine flu', NULL, NULL),
(34, 4, '2013-06-13', 10, 243, 'Santhosh Accident', 'Accident', NULL, NULL),
(35, 4, '2013-06-29', 7, 244, 'Santhosh Cancer', 'cancer', NULL, NULL),
(36, 4, '2013-06-27', 7, 245, 'Santhosh Eye clean', 'Eye Clean', NULL, NULL),
(37, 4, '2013-05-06', 7, 286, 'Santhosh Sight', 'Sight', NULL, NULL),
(38, 4, '2013-07-20', 10, 287, 'Santhosh Heart Attack', 'Heart Attack', NULL, NULL),
(39, 4, '2013-06-13', 8, 288, 'Santhosh Scan', 'Scan', NULL, NULL),
(40, 4, '2013-06-22', 6, 289, 'Santhosh Kidney', 'Kidney', NULL, NULL),
(41, 4, '2013-06-18', 6, 290, 'Santhosh Bone Crack', 'Bone Crack', NULL, NULL),
(42, 4, '2013-06-29', 7, 291, 'Santhosh Tumor', 'Tumor', NULL, NULL),
(43, 4, '2013-06-17', 6, 292, 'Santhosh Test', 'Test', NULL, NULL),
(44, 4, '2013-06-30', 7, 293, 'Santhosh Brain Tumor', 'Brain Tumor', NULL, NULL),
(45, 4, '2013-06-30', 7, 294, 'Santhosh Brain Tumor', 'Brain Tumor', NULL, NULL),
(46, 4, '2013-06-15', 6, 295, 'Santhosh Mouth Cancer', 'Mouth Cancer', NULL, NULL),
(47, 5, '2013-06-10', 7, 365, 'Abhi Body Scan', 'Body Scan', NULL, NULL),
(48, 5, '2013-05-15', 6, 366, 'Abhi Cough', 'Cough', NULL, NULL),
(49, 5, '2013-06-09', 10, 367, 'Abhi Cold', 'Cold', NULL, NULL),
(50, 5, '2013-06-21', 10, 368, 'Abhi Fever', 'Fever', NULL, NULL),
(51, 5, '2013-06-28', 8, 369, 'Abhi Body Pain', 'Body Pain', NULL, NULL),
(52, 5, '2013-06-17', 7, 370, 'Abhi Head Ache', 'HeadAche', NULL, NULL),
(53, 5, '2013-04-10', 6, 371, 'Abhi Kidney Problem', 'Kidney Probelm', NULL, NULL),
(54, 5, '2013-06-09', 10, 372, 'Abhi Gas Trouble', 'Gas Trouble', NULL, NULL),
(55, 5, '2013-04-24', 7, 373, 'Abhi Cancer', 'Test CANCER', NULL, NULL),
(56, 5, '2013-06-17', 6, 374, 'Abhi Liver Cancer', 'Liver Cancer', NULL, NULL);

INSERT INTO `TRAVELLED_TO` (`ID`, `USER_ID`, `FROM_DATE`, `FROM_TO`, `VISITED_PLACE`, `EXPENSE_ID`, `VISIT_PURPOSE`, `VISIT_DETAILS`, `CREATED_AT`, `UPDATED_AT`) VALUES
(1, 1, '2013-02-01', '2013-03-03', 'Goa', 63, 'Venkat Holiday Spot', 'Holiday Spot', NULL, NULL),
(2, 1, '2012-12-04', '2013-02-20', 'Mysore', 64, 'Venkat Industrial tour', 'desc', NULL, NULL),
(3, 1, '2011-08-25', '2012-08-23', 'Bankok', 65, 'Venkat malasia', 'desc', NULL, NULL),
(4, 1, '2012-06-05', '2012-09-20', 'Delhi', 66, 'Venkat new delhi', 'desc delhi', NULL, NULL),
(5, 1, '2012-07-10', '2013-06-25', 'Kulu Manali', 67, 'Venkat Research Kulu manali', 'desc manali', NULL, NULL),
(6, 1, '2010-09-02', '2010-11-05', 'Rameswaram', 68, 'Venkat Shiva', 'devotional', NULL, NULL),
(7, 1, '2012-05-09', '2012-09-05', 'Hitech City', 69, 'Venkat hyd', 'desc hyd', NULL, NULL),
(8, 1, '2011-11-09', '2011-12-14', 'Charminar', 70, 'Venkat Hyd', 'hyd desc', NULL, NULL),
(9, 1, '2013-05-02', '2013-06-02', 'Pyramids', 71, 'Venkat Egypt', 'Egypt nile', NULL, NULL),
(10, 1, '2013-06-02', '2013-06-23', 'Sydney', 72, 'Venkat world tour', 'world tour desc', NULL, NULL),
(11, 2, '2013-02-01', '2013-03-03', 'Goa', 138, 'Venu Holiday Spot', 'Holiday Spot', NULL, NULL),
(12, 2, '2012-12-04', '2013-02-20', 'Mysore', 139, 'Venu Industrial tour', 'desc', NULL, NULL),
(13, 2, '2011-08-25', '2012-08-23', 'Bankok', 140, 'Venu malasia', 'desc', NULL, NULL),
(14, 2, '2012-06-05', '2012-09-20', 'Delhi', 141, 'Venu new delhi', 'desc delhi', NULL, NULL),
(15, 2, '2012-07-10', '2013-06-25', 'Kulu Manali', 142, 'Venu Research Kulu manali', 'desc manali', NULL, NULL),
(16, 2, '2010-09-02', '2010-11-05', 'Rameswaram', 143, 'Venu Shiva', 'devotional', NULL, NULL),
(17, 2, '2012-05-09', '2012-09-05', 'Hitech City', 144, 'Venu hyd', 'desc hyd', NULL, NULL),
(18, 2, '2011-11-09', '2011-12-14', 'Charminar', 145, 'Venu Hyd', 'hyd desc', NULL, NULL),
(19, 2, '2013-05-02', '2013-06-02', 'Pyramids', 146, 'Venu Egypt', 'Egypt nile', NULL, NULL),
(20, 2, '2013-06-02', '2013-06-23', 'Sydney', 147, 'Venu world tour', 'world tour desc', NULL, NULL),
(21, 3, '2013-06-04', '2013-06-07', 'Guntur', 196, 'Janu Home Sick', 'Janu Home Sick', NULL, NULL),
(22, 3, '2013-06-05', '2013-06-14', 'Amaravathi', 197, 'Janu Tour', 'Janu Tour', NULL, NULL),
(23, 3, '2013-06-05', '2013-06-21', 'Agra', 198, 'Janu Tajmahal', 'Janu Taj Mahal', NULL, NULL),
(24, 3, '2013-06-05', '2013-06-18', 'Kenya', 199, 'Janu World Tour', 'Janu World Tour', NULL, NULL),
(25, 3, '2013-06-04', '2013-06-13', 'Kulumanali', 200, 'Janu Outing', 'Janu Outing', NULL, NULL),
(26, 3, '2013-06-03', '2013-06-13', 'Vizag', 201, 'Janu Araku', 'Janu Araku Forest Trip', NULL, NULL),
(27, 3, '2013-06-12', '2013-06-28', 'America', 202, 'Janu Fun', 'Janu Fun', NULL, NULL),
(28, 3, '2013-06-10', '2013-06-29', 'Mumbai', 203, 'Janu Industrial Trip', 'Janu Industrial Trip', NULL, NULL),
(29, 3, '2013-06-13', '2013-06-29', 'Hyderabad', 204, 'Janu Golkonda Fort', 'Janu Golkonda Fort', NULL, NULL),
(30, 3, '2013-06-02', '2013-06-22', 'Chennai', 205, 'Janu Cricket Match', 'Janu Cricket Match', NULL, NULL),
(31, 4, '2013-06-01', '2013-06-03', 'Chennai', 246, 'Santhosh Cricket Match', 'Cricket Match', NULL, NULL),
(32, 4, '2013-06-04', '2013-06-11', 'Hyderabad', 247, 'Santhosh Movie', 'Movie', NULL, NULL),
(33, 4, '2013-06-04', '2013-06-14', 'Goa', 248, 'Santhosh Enjoy', 'Enjoy', NULL, NULL),
(34, 4, '2013-06-05', '2013-06-21', 'Guntur', 249, 'Santhosh Philigrimage', 'Philigrimage', NULL, NULL),
(35, 4, '2013-06-12', '2013-06-21', 'Amritsur', 250, 'Santhosh Golden Temple', 'Golden Temple', NULL, NULL),
(36, 4, '2013-06-02', '2013-06-30', 'Andaman', 251, 'Santhosh Ship Travel', 'Ship Travel', NULL, NULL),
(37, 4, '2013-06-02', '2013-07-11', 'Kashmir', 252, 'Santhosh Tour', 'Tour', NULL, NULL),
(38, 4, '2013-05-05', '2013-06-14', 'Venice', 253, 'Santhosh Greenary', 'Greenary', NULL, NULL),
(39, 4, '2013-06-02', '2013-06-21', 'Egypt', 254, 'Santhosh Pyramids', 'Pyramids', NULL, NULL),
(40, 4, '2013-06-09', '2013-06-18', 'Lotus Temple', 296, 'Santhosh Visit Temple', 'Sydney', NULL, NULL),
(41, 4, '2013-06-09', '2013-06-28', 'China Wall', 297, 'Santhosh Adventure Tour', 'Adventure', NULL, NULL),
(42, 4, '2013-06-28', '2013-06-28', 'Rio Stadium', 298, 'Santhosh Olympics', 'Olympics', NULL, NULL),
(43, 4, '2013-05-13', '2013-06-18', 'Amazon', 299, 'Santhosh Forest Trip', 'Forest Trip', NULL, NULL),
(44, 4, '2013-06-02', '2013-06-22', 'jantar mantar', 300, 'Santhosh jantar mantar ', 'Jantar mantar', NULL, NULL),
(45, 4, '2013-06-28', '2013-06-28', ' Necklace Road', 301, 'Santhosh Necklace Road', 'Santhosh ', NULL, NULL),
(46, 4, '2013-06-28', '2013-06-28', 'Hyderabad', 302, 'Santhosh Charminar', 'Charminar', NULL, NULL),
(47, 4, '2013-06-13', '2013-06-28', 'Hyderabad', 303, 'Santhosh Ramoji Film City', 'Ramoji Film City', NULL, NULL),
(48, 4, '2013-06-28', '2013-06-28', 'Kerala', 304, 'Santhosh Kerala Tour', 'Kerala', NULL, NULL),
(49, 4, '2013-06-28', '2013-06-28', 'Jaipur / Udaipur', 305, 'Santhosh Jaipur', 'Jaipur / Udaipur', NULL, NULL);


INSERT INTO `MASTER_LOOK_UP` (`ID`, `TYPE`, `CODE`, `VALUE`, `PARENT_CODE`, `COMMENTS`, `OPTION`, `CREATED_AT`, `UPDATED_AT`) VALUES
(1, 'EXPN', 100, 'Education', 0, 'comments', 'N', NULL, NULL),
(2, 'EXPN', 101, 'Books and Supplies', 100, 'comments', 'N', NULL, NULL),
(3, 'EXPN', 102, 'Student Loan', 100, 'comments', 'N', NULL, NULL),
(4, 'EXPN', 103, 'Tuition', 100, 'comments', 'N', NULL, NULL),
(5, 'EXPN', 104, 'School Fees', 100, 'comments', 'N', NULL, NULL),
(6, 'EXPN', 149, 'Other', 100, 'comments', 'N', NULL, NULL),
(7, 'EXPN', 150, 'Entertainment', 0, 'comments', 'N', NULL, NULL),
(8, 'EXPN', 151, 'Amusement', 150, 'comments', 'N', NULL, NULL),
(9, 'EXPN', 152, 'Arts', 150, 'comments', 'N', NULL, NULL),
(10, 'EXPN', 153, 'Movies & DVDs', 150, 'comments', 'N', NULL, NULL),
(11, 'EXPN', 154, 'Music', 150, 'comments', 'N', NULL, NULL),
(12, 'EXPN', 155, 'Video Games', 150, 'comments', 'N', NULL, NULL),
(13, 'EXPN', 199, 'Other', 150, 'comments', 'N', NULL, NULL),
(14, 'EXPN', 200, 'Food & Dining', 0, 'comments', 'N', NULL, NULL),
(15, 'EXPN', 201, 'Fast Food', 200, 'comments', 'N', NULL, NULL),
(16, 'EXPN', 202, 'Restaurants', 200, 'comments', 'N', NULL, NULL),
(17, 'EXPN', 203, 'Coffee Shops', 200, 'comments', 'N', NULL, NULL),
(18, 'EXPN', 204, 'Grocery Store', 200, 'comments', 'N', NULL, NULL),
(19, 'EXPN', 249, 'Other', 200, 'comments', 'N', NULL, NULL),
(20, 'EXPN', 250, 'Health & Fitness', 0, 'comments', 'N', NULL, NULL),
(21, 'EXPN', 251, 'Dentist', 250, 'comments', 'N', NULL, NULL),
(22, 'EXPN', 252, 'Doctor', 250, 'comments', 'N', NULL, NULL),
(23, 'EXPN', 253, 'Eye Care', 250, 'comments', 'N', NULL, NULL),
(24, 'EXPN', 254, 'Gym', 250, 'comments', 'N', NULL, NULL),
(25, 'EXPN', 255, 'Health Insurance', 250, 'comments', 'N', NULL, NULL),
(26, 'EXPN', 256, 'Pharmacy', 250, 'comments', 'N', NULL, NULL),
(27, 'EXPN', 299, 'Other', 250, 'comments', 'N', NULL, NULL),
(28, 'EXPN', 300, 'Personal Care', 0, 'comments', 'N', NULL, NULL),
(29, 'EXPN', 301, 'Hair & Manicure', 300, 'comments', 'N', NULL, NULL),
(30, 'EXPN', 302, 'Laundry', 300, 'comments', 'N', NULL, NULL),
(31, 'EXPN', 303, 'Spa & Massage', 300, 'comments', 'N', NULL, NULL),
(32, 'EXPN', 349, 'Other', 300, 'comments', 'N', NULL, NULL),
(33, 'EXPN', 350, 'Shopping', 0, 'comments', 'N', NULL, NULL),
(34, 'EXPN', 351, 'Books', 350, 'comments', 'N', NULL, NULL),
(35, 'EXPN', 352, 'Clothing', 350, 'comments', 'N', NULL, NULL),
(36, 'EXPN', 353, 'Electornics & Software', 350, 'comments', 'N', NULL, NULL),
(37, 'EXPN', 354, 'Hobbies', 350, 'comments', 'N', NULL, NULL),
(38, 'EXPN', 355, 'Sporting Goods', 350, 'comments', 'N', NULL, NULL),
(39, 'EXPN', 399, 'Other', 350, 'comments', 'N', NULL, NULL),
(40, 'EXPN', 400, 'Travel', 0, 'comments', 'N', NULL, NULL),
(41, 'EXPN', 401, 'Airfare', 400, 'comments', 'N', NULL, NULL),
(42, 'EXPN', 402, 'Hotel', 400, 'comments', 'N', NULL, NULL),
(43, 'EXPN', 404, 'Rental Car & Taxi', 400, 'comments', 'N', NULL, NULL),
(44, 'EXPN', 405, 'Trips', 400, 'comments', 'N', NULL, NULL),
(45, 'EXPN', 449, 'Other', 400, 'comments', 'N', NULL, NULL),
(46, 'EXPN', 450, 'Sports & Activities', 0, 'comments', 'N', NULL, NULL),
(47, 'EXPN', 451, 'Activities', 450, 'comments', 'N', NULL, NULL),
(48, 'EXPN', 452, 'Games', 450, 'comments', 'N', NULL, NULL),
(49, 'EXPN', 453, 'Sports', 450, 'comments', 'N', NULL, NULL),
(50, 'EXPN', 499, 'Other', 450, 'comments', 'N', NULL, NULL),
(51, 'EXPN', 500, 'Bills & Utilities', 0, 'comments', 'N', NULL, NULL),
(52, 'EXPN', 501, 'Home Phone', 500, 'comments', 'N', NULL, NULL),
(53, 'EXPN', 502, 'Internet', 500, 'comments', 'N', NULL, NULL),
(54, 'EXPN', 503, 'Mobile Phone', 500, 'comments', 'N', NULL, NULL),
(55, 'EXPN', 504, 'Television', 500, 'comments', 'N', NULL, NULL),
(56, 'EXPN', 505, 'Utilities', 500, 'comments', 'N', NULL, NULL),
(57, 'EXPN', 549, 'Other', 500, 'comments', 'N', NULL, NULL),
(58, 'EXPN', 550, 'Auto & Transport', 0, 'comments', 'N', NULL, NULL),
(59, 'EXPN', 551, 'Auto Insurance', 550, 'comments', 'N', NULL, NULL),
(60, 'EXPN', 552, 'Auto Payment', 550, 'comments', 'N', NULL, NULL),
(61, 'EXPN', 553, 'Gas & Fuel', 550, 'comments', 'N', NULL, NULL),
(62, 'EXPN', 554, 'Parking', 550, 'comments', 'N', NULL, NULL),
(63, 'EXPN', 555, 'Public Transportation', 550, 'comments', 'N', NULL, NULL),
(64, 'EXPN', 556, 'Service & Parts', 550, 'comments', 'N', NULL, NULL),
(65, 'EXPN', 599, 'Other', 550, 'comments', 'N', NULL, NULL),
(66, 'EXPN', 600, 'Home', 0, 'comments', 'N', NULL, NULL),
(67, 'EXPN', 601, 'Furnishings', 600, 'comments', 'N', NULL, NULL),
(68, 'EXPN', 602, 'Home Improvement', 600, 'comments', 'N', NULL, NULL),
(69, 'EXPN', 603, 'Home Insurance', 600, 'comments', 'N', NULL, NULL),
(70, 'EXPN', 604, 'Home Services', 600, 'comments', 'N', NULL, NULL),
(71, 'EXPN', 605, 'Home Supplies', 600, 'comments', 'N', NULL, NULL),
(72, 'EXPN', 606, 'Lawn & Garden', 600, 'comments', 'N', NULL, NULL),
(73, 'EXPN', 607, 'Mortgage & Rent', 600, 'comments', 'N', NULL, NULL),
(74, 'EXPN', 649, 'Other', 600, 'comments', 'N', NULL, NULL),
(75, 'EXPN', 650, 'Kids', 0, 'comments', 'N', NULL, NULL),
(76, 'EXPN', 651, 'Allowance', 650, 'comments', 'N', NULL, NULL),
(77, 'EXPN', 652, 'Baby Supplies', 650, 'comments', 'N', NULL, NULL),
(78, 'EXPN', 653, 'Babysitter & Daycare', 650, 'comments', 'N', NULL, NULL),
(79, 'EXPN', 654, 'Child Support', 650, 'comments', 'N', NULL, NULL),
(80, 'EXPN', 655, 'Kids Activities', 650, 'comments', 'N', NULL, NULL),
(81, 'EXPN', 656, 'Toys', 650, 'comments', 'N', NULL, NULL),
(82, 'EXPN', 699, 'Other', 650, 'comments', 'N', NULL, NULL),
(83, 'EXPN', 700, 'Taxes', 0, 'comments', 'N', NULL, NULL),
(84, 'EXPN', 701, 'Local Tax', 700, 'comments', 'N', NULL, NULL),
(85, 'EXPN', 702, 'Property Tax', 700, 'comments', 'N', NULL, NULL),
(86, 'EXPN', 703, 'Sales Tax', 700, 'comments', 'N', NULL, NULL),
(87, 'EXPN', 704, 'State Tax', 700, 'comments', 'N', NULL, NULL),
(88, 'EXPN', 749, 'Other', 700, 'comments', 'N', NULL, NULL),
(89, 'EXPN', 750, 'Loans', 0, 'comments', 'N', NULL, NULL),
(90, 'EXPN', 751, 'Loan Fees & Charges', 750, 'comments', 'N', NULL, NULL),
(91, 'EXPN', 752, 'Loan Insurance', 750, 'comments', 'N', NULL, NULL),
(92, 'EXPN', 753, 'Loan Interest', 750, 'comments', 'N', NULL, NULL),
(93, 'EXPN', 754, 'Loan Payment', 750, 'comments', 'N', NULL, NULL),
(94, 'EXPN', 755, 'Loan Principal', 750, 'comments', 'N', NULL, NULL),
(95, 'EXPN', 799, 'Other', 750, 'comments', 'N', NULL, NULL),
(96, 'EXPN', 800, 'Gifts & Donations', 0, 'comments', 'N', NULL, NULL),
(97, 'EXPN', 801, 'Charity', 800, 'comments', 'N', NULL, NULL),
(98, 'EXPN', 802, 'Donations', 800, 'comments', 'N', NULL, NULL),
(99, 'EXPN', 849, 'Other', 800, 'comments', 'N', NULL, NULL),
(100, 'MNTR', 2000, 'Health', 0, 'comments', 'N', NULL, NULL),
(101, 'MNTR', 2001, 'Blood Pressure', 2000, 'comments', 'Y', NULL, NULL),
(102, 'MNTR', 2002, 'Blood Sugar', 2000, 'comments', 'Y', NULL, NULL),
(103, 'MNTR', 2003, 'Heart Rate', 2000, 'comments', 'Y', NULL, NULL),
(104, 'MNTR', 2004, 'Food Consumed', 2000, 'comments', 'N', NULL, NULL),
(105, 'MNTR', 2005, 'Medication', 2000, 'comments', 'N', NULL, NULL),
(106, 'MNTR', 2006, 'Cholesterol', 2000, 'comments', 'Y', NULL, NULL),
(107, 'MNTR', 2100, 'Education', 0, 'comments', 'N', NULL, NULL),
(108, 'MNTR', 2101, 'Reading Log', 2100, 'comments', 'N', NULL, NULL),
(109, 'MNTR', 2102, 'Books Read', 2100, 'comments', 'N', NULL, NULL),
(110, 'MNTR', 2200, 'Exercise', 0, 'comments', 'N', NULL, NULL),
(111, 'MNTR', 2201, 'Calories Burned', 2200, 'comments', 'Y', NULL, NULL),
(112, 'MNTR', 2202, 'Calories Consumed', 2200, 'comments', 'Y', NULL, NULL),
(113, 'MNTR', 2203, 'Pedometer Reading', 2200, 'comments', 'Y', NULL, NULL),
(114, 'MNTR', 2204, 'Minutes Exercised', 2200, 'comments', 'N', NULL, NULL),
(115, 'MNTR', 2300, 'Sports', 0, 'comments', 'N', NULL, NULL),
(116, 'MNTR', 2303, 'Game Time', 2300, 'comments', 'N', NULL, NULL),
(117, 'ACMP', 3000, 'Education', 0, 'comments', 'N', NULL, NULL),
(118, 'ACMP', 3001, 'Grade', 3000, 'comments', 'N', NULL, NULL),
(119, 'ACMP', 3002, 'Rank', 3000, 'comments', 'N', NULL, NULL),
(120, 'ACMP', 3003, 'Classwork', 3000, 'comments', 'N', NULL, NULL),
(121, 'ACMP', 3005, 'Art', 3000, 'comments', 'N', NULL, NULL),
(122, 'ACMP', 3009, 'Award', 3000, 'comments', 'N', NULL, NULL),
(123, 'ACMP', 3010, 'Other', 3000, 'comments', 'N', NULL, NULL),
(124, 'ACMP', 3100, 'Sports', 0, 'comments', 'N', NULL, NULL),
(125, 'ACMP', 3101, 'Win', 3100, 'comments', 'N', NULL, NULL),
(126, 'ACMP', 3102, 'Trophy/Medal', 3100, 'comments', 'N', NULL, NULL),
(127, 'ACMP', 3103, 'Level Promotion', 3100, 'comments', 'N', NULL, NULL),
(128, 'ACMP', 3199, 'Other', 3100, 'comments', 'N', NULL, NULL),
(129, 'ACMP', 3200, 'Activities', 0, 'comments', 'N', NULL, NULL),
(130, 'ACMP', 3201, 'Scout Badge', 3200, 'comments', 'N', NULL, NULL),
(131, 'ACMP', 3202, 'Recital', 3200, 'comments', 'N', NULL, NULL),
(132, 'ACMP', 3203, 'Competition Prize', 3200, 'comments', 'N', NULL, NULL),
(133, 'ACMP', 3299, 'Other', 3200, 'comments', 'N', NULL, NULL),
(134, 'ACTY', 4001, 'Swimming', 0, 'comments', 'N', NULL, NULL),
(135, 'ACTY', 4002, 'Cricket', 0, 'comments', 'N', NULL, NULL),
(136, 'ACTY', 4003, 'Archery', 0, 'comments', 'N', NULL, NULL),
(137, 'ACTY', 4004, 'Basketball', 0, 'comments', 'N', NULL, NULL),
(138, 'ACTY', 4005, 'Bowling', 0, 'comments', 'N', NULL, NULL),
(139, 'ACTY', 4006, 'Soccer', 0, 'comments', 'N', NULL, NULL),
(140, 'ACTY', 4007, 'Golf', 0, 'comments', 'N', NULL, NULL),
(141, 'ACTY', 4008, 'Gymnastics', 0, 'comments', 'N', NULL, NULL),
(142, 'ACTY', 4009, 'Running', 0, 'comments', 'N', NULL, NULL),
(143, 'ACTY', 4013, 'Chess', 0, 'comments', 'N', NULL, NULL),
(144, 'ACTY', 4014, 'Music', 0, 'comments', 'N', NULL, NULL),
(145, 'ACTY', 4015, 'Tution', 0, 'comments', 'N', NULL, NULL),
(146, 'ACTY', 4016, 'Piano', 0, 'comments', 'N', NULL, NULL),
(147, 'ACTY', 4020, 'Reading', 0, 'comments', 'N', NULL, NULL),
(148, 'ACTY', 4022, 'Other Languages ', 0, 'comments', 'N', NULL, NULL),
(149, 'ACTY', 4023, 'Cooking', 0, 'comments', 'N', NULL, NULL),
(150, 'ACTY', 4024, 'Baseball', 0, 'comments', 'N', NULL, NULL),
(151, 'ACTY', 4025, 'Cheerleading', 0, 'comments', 'N', NULL, NULL),
(152, 'ACTY', 4026, 'Equestrian', 0, 'comments', 'N', NULL, NULL),
(153, 'ACTY', 4027, 'Football', 0, 'comments', 'N', NULL, NULL),
(154, 'ACTY', 4028, 'Hockey', 0, 'comments', 'N', NULL, NULL),
(155, 'ACTY', 4029, 'Skiing', 0, 'comments', 'N', NULL, NULL),
(156, 'ACTY', 4030, 'Tennis', 0, 'comments', 'N', NULL, NULL),
(157, 'ACTY', 4031, 'Volleyball', 0, 'comments', 'N', NULL, NULL),
(158, 'ACTY', 4033, 'Dance', 0, 'comments', 'N', NULL, NULL),
(159, 'ACTY', 4034, 'Martial Arts', 0, 'comments', 'N', NULL, NULL),
(160, 'ACTY', 4035, 'Video Games', 0, 'comments', 'N', NULL, NULL),
(161, 'ACTY', 4099, 'Others', 0, 'comments', 'N', NULL, NULL),
(162, 'PRCH', 9001, 'Appliances', 0, 'comments', 'N', NULL, NULL),
(163, 'PRCH', 9002, 'Arts, Crafts & Sewing', 0, 'comments', 'N', NULL, NULL),
(164, 'PRCH', 9003, 'Automative', 0, 'comments', 'N', NULL, NULL),
(165, 'PRCH', 9004, 'Baby', 0, 'comments', 'N', NULL, NULL),
(166, 'PRCH', 9005, 'Beauty', 0, 'comments', 'N', NULL, NULL),
(167, 'PRCH', 9006, 'Books', 0, 'comments', 'N', NULL, NULL),
(168, 'PRCH', 9007, 'Cell Phone & Accessories', 0, 'comments', 'N', NULL, NULL),
(169, 'PRCH', 9008, 'Collectibles', 0, 'comments', 'N', NULL, NULL),
(170, 'PRCH', 9009, 'Computers', 0, 'comments', 'N', NULL, NULL),
(171, 'PRCH', 9010, 'Electronics', 0, 'comments', 'N', NULL, NULL),
(172, 'PRCH', 9011, 'Gift Cards, Store', 0, 'comments', 'N', NULL, NULL),
(173, 'PRCH', 9012, 'Grocery & Gourmet Food', 0, 'comments', 'N', NULL, NULL),
(174, 'PRCH', 9013, 'Health & Personal Care', 0, 'comments', 'N', NULL, NULL),
(175, 'PRCH', 9014, 'Home & Kitchen', 0, 'comments', 'N', NULL, NULL),
(176, 'PRCH', 9015, 'Industrial & Scientific', 0, 'comments', 'N', NULL, NULL),
(177, 'GRDE', 9500, 'Kindergarten', 0, 'comments', 'N', NULL, NULL),
(178, 'GRDE', 9501, 'Elementary', 0, 'comments', 'N', NULL, NULL),
(179, 'GRDE', 9502, 'Midddle School', 0, 'comments', 'N', NULL, NULL),
(180, 'GRDE', 9503, 'High School', 0, 'comments', 'N', NULL, NULL),
(181, 'GRDE', 9504, 'Bachelors', 0, 'comments', 'N', NULL, NULL),
(182, 'GRDE', 9505, 'Post Graduate', 0, 'comments', 'N', NULL, NULL),
(183, 'GRDE', 9506, 'Doctors', 0, 'comments', 'N', NULL, NULL),
(184, 'GRDE', 9599, 'Others', 0, 'comments', 'N', NULL, NULL),
(185, 'SPLT', 9101, 'Anesthesiologist', 0, 'comments', 'N', NULL, NULL),
(186, 'SPLT', 9102, 'Cardiologist', 0, 'comments', 'N', NULL, NULL),
(187, 'SPLT', 9103, 'Dentist', 0, 'comments', 'N', NULL, NULL),
(188, 'SPLT', 9104, 'Dermatologist', 0, 'comments', 'N', NULL, NULL),
(189, 'SPLT', 9105, 'Diabetologist', 0, 'comments', 'N', NULL, NULL),
(190, 'SPLT', 9106, 'Gastroenterologists', 0, 'comments', 'N', NULL, NULL),
(191, 'SPLT', 9107, 'General Practitioner', 0, 'comments', 'N', NULL, NULL),
(192, 'SPLT', 9108, 'Gynaecologists', 0, 'comments', 'N', NULL, NULL),
(193, 'SPLT', 9109, 'Neurologists', 0, 'comments', 'N', NULL, NULL),
(194, 'SPLT', 9110, 'Obstetrician', 0, 'comments', 'N', NULL, NULL),
(195, 'SPLT', 9111, 'Orthopaedist', 0, 'comments', 'N', NULL, NULL),
(196, 'SPLT', 9112, 'Otolaryngologist(ENT)', 0, 'comments', 'N', NULL, NULL),
(197, 'SPLT', 9113, 'Physician', 0, 'comments', 'N', NULL, NULL),
(198, 'SPLT', 9114, 'Pediatrician', 0, 'comments', 'N', NULL, NULL),
(199, 'SPLT', 9115, 'Psychiatrist', 0, 'comments', 'N', NULL, NULL),
(200, 'SPLT', 9116, 'Surgeons', 0, 'comments', 'N', NULL, NULL),
(201, 'SPLT', 9117, 'Urologist', 0, 'comments', 'N', NULL, NULL),
(202, 'VCCN', 6000, 'Live & Attenuated', 0, 'comments', 'N', NULL, NULL),
(203, 'VCCN', 6001, 'Influenza (Nasal Spray)', 6000, 'comments', 'N', NULL, NULL),
(204, 'VCCN', 6002, 'Measles', 6000, 'comments', 'N', NULL, NULL),
(205, 'VCCN', 6003, 'Mumps', 6000, 'comments', 'N', NULL, NULL),
(206, 'VCCN', 6004, 'Rotavirus', 6000, 'comments', 'N', NULL, NULL),
(207, 'VCCN', 6005, 'Rubella (MMR Combined)', 6000, 'comments', 'N', NULL, NULL),
(208, 'VCCN', 6006, 'Varicella (Chickenpox)', 6000, 'comments', 'N', NULL, NULL),
(209, 'VCCN', 6007, 'Yellow Fever', 6000, 'comments', 'N', NULL, NULL),
(210, 'VCCN', 6008, 'Zoster (Shingles)', 6000, 'comments', 'N', NULL, NULL),
(211, 'VCCN', 6099, 'Other', 6000, 'comments', 'N', NULL, NULL),
(212, 'VCCN', 6100, 'Inactivated/Killed', 0, 'comments', 'N', NULL, NULL),
(213, 'VCCN', 6101, 'Hepatitis A ', 6100, 'comments', 'N', NULL, NULL),
(214, 'VCCN', 6102, 'Influenza', 6100, 'comments', 'N', NULL, NULL),
(215, 'VCCN', 6103, 'Polio (IPV)', 6100, 'comments', 'N', NULL, NULL),
(216, 'VCCN', 6104, 'Rabies', 6100, 'comments', 'N', NULL, NULL),
(217, 'VCCN', 6199, 'Other', 6100, 'comments', 'N', NULL, NULL),
(218, 'VCCN', 6200, 'Toxoid', 0, 'comments', 'N', NULL, NULL),
(219, 'VCCN', 6201, 'Diphtheria', 6200, 'comments', 'N', NULL, NULL),
(220, 'VCCN', 6202, 'Tetanus', 6200, 'comments', 'N', NULL, NULL),
(221, 'VCCN', 6299, 'Other', 6200, 'comments', 'N', NULL, NULL),
(222, 'VCCN', 6300, 'Subunit/Conjugate', 0, 'comments', 'N', NULL, NULL),
(223, 'VCCN', 6301, 'Haemophilus Influenza Type-B (HIB) ', 6300, 'comments', 'N', NULL, NULL),
(224, 'VCCN', 6302, 'Hepatitis B', 6300, 'comments', 'N', NULL, NULL),
(225, 'VCCN', 6303, 'Human papillomavirus (HPV)', 6300, 'comments', 'N', NULL, NULL),
(226, 'VCCN', 6304, 'Influenza (Injection)', 6300, 'comments', 'N', NULL, NULL),
(227, 'VCCN', 6305, 'Meningococcal', 6300, 'comments', 'N', NULL, NULL),
(228, 'VCCN', 6306, 'Pertussis', 6300, 'comments', 'N', NULL, NULL),
(229, 'VCCN', 6307, 'Pneumococcal', 6300, 'comments', 'N', NULL, NULL),
(230, 'VCCN', 6399, 'Other', 6300, 'comments', 'N', NULL, NULL),
(231, 'EVNT', 1001, 'Anniversary', 0, 'comments', 'N', NULL, NULL),
(232, 'EVNT', 1002, 'Birthday', 0, 'comments', 'N', NULL, NULL),
(233, 'EVNT', 1003, 'Class Reunion', 0, 'comments', 'N', NULL, NULL),
(234, 'EVNT', 1004, 'Family Reunion', 0, 'comments', 'N', NULL, NULL),
(235, 'EVNT', 1005, 'Festival', 0, 'comments', 'N', NULL, NULL),
(236, 'EVNT', 1006, 'House warming', 0, 'comments', 'N', NULL, NULL),
(237, 'EVNT', 1007, 'Marriage', 0, 'comments', 'N', NULL, NULL),
(238, 'EVNT', 1008, 'Memorial Gathering', 0, 'comments', 'N', NULL, NULL),
(239, 'EVNT', 1009, 'Retirement', 0, 'comments', 'N', NULL, NULL),
(240, 'EVNT', 1099, 'Other', 0, 'comments', 'N', NULL, NULL),
(241, 'ACMP', 3204, 'Milestone', 3200, 'comments', 'N', NULL, NULL),
(242, 'ACMP', 3205, 'Work', 3200, 'comments', 'N', NULL, NULL),
(243, 'ACTY', 4036, 'Skating', 0, 'comments', 'N', NULL, NULL);





